trade,category,name,unit,typical_low,typical_high,stocked_by
roofing,Shingles,"Architectural shingles, 30-year, bundle",bundle,34,46,"ABC Supply; SRS Distribution; Beacon Building Products; Home Depot Pro; Lowe's Pro; Menards"
roofing,Shingles,"Architectural shingles, 50-year, bundle",bundle,44,58,"ABC Supply; SRS Distribution; Beacon Building Products"
roofing,Shingles,"3-tab shingles, 25-year, bundle",bundle,28,38,"ABC Supply; SRS Distribution; Beacon Building Products; Home Depot Pro; Lowe's Pro; Menards"
roofing,Shingles,"Designer shingles, bundle",bundle,58,82,"ABC Supply; SRS Distribution; Beacon Building Products"
roofing,Shingles,"Ridge cap shingles, 20 lf bundle",bundle,48,66,"ABC Supply; SRS Distribution; Beacon Building Products; Home Depot Pro; Lowe's Pro; Menards"
roofing,Shingles,"Starter strip shingles, 100 lf bundle",bundle,36,52,"ABC Supply; SRS Distribution; Beacon Building Products; Home Depot Pro; Lowe's Pro; Menards"
roofing,Shingles,"Hip and ridge, high profile, bundle",bundle,62,88,"ABC Supply; SRS Distribution; Beacon Building Products"
roofing,Underlayment,"Synthetic underlayment, 10 sq roll",roll,68,105,"ABC Supply; SRS Distribution; Beacon Building Products; Home Depot Pro; Lowe's Pro; Menards"
roofing,Underlayment,"Felt underlayment 15 lb, 4 sq roll",roll,24,34,"ABC Supply; SRS Distribution; Beacon Building Products; Home Depot Pro; Lowe's Pro; Menards"
roofing,Underlayment,"Felt underlayment 30 lb, 2 sq roll",roll,26,38,"ABC Supply; SRS Distribution; Beacon Building Products; Home Depot Pro; Lowe's Pro; Menards"
roofing,Underlayment,"Ice and water shield, 2 sq roll",roll,82,120,"ABC Supply; SRS Distribution; Beacon Building Products; Home Depot Pro; Lowe's Pro; Menards"
roofing,Underlayment,"Ice and water shield, high temp, 2 sq",roll,115,165,"ABC Supply; SRS Distribution; Beacon Building Products"
roofing,Metal,"Aluminum drip edge, 10 ft",ea,7.5,13,"ABC Supply; SRS Distribution; Beacon Building Products; Home Depot Pro; Lowe's Pro; Menards"
roofing,Metal,"Galvanized drip edge, 10 ft",ea,8,14,"ABC Supply; SRS Distribution; Beacon Building Products; Home Depot Pro; Lowe's Pro; Menards"
roofing,Metal,"Valley metal, W-style, 10 ft",ea,20,32,"ABC Supply; SRS Distribution; Beacon Building Products"
roofing,Metal,"Flashing coil, aluminum, 50 ft",roll,115,175,"ABC Supply; SRS Distribution; Beacon Building Products"
roofing,Flashing,"Step flashing 4x4x8, 100 ct",box,38,58,"ABC Supply; SRS Distribution; Beacon Building Products; Home Depot Pro; Lowe's Pro; Menards"
roofing,Flashing,"Pipe boot flashing, 3 in",ea,9.5,17,"ABC Supply; SRS Distribution; Beacon Building Products; Home Depot Pro; Lowe's Pro; Menards"
roofing,Flashing,"Pipe boot flashing, lead, 3 in",ea,22,38,"ABC Supply; SRS Distribution; Beacon Building Products"
roofing,Flashing,"Chimney flashing kit",ea,58,110,"ABC Supply; SRS Distribution; Beacon Building Products"
roofing,Flashing,"Counter flashing, 10 ft",ea,16,28,"ABC Supply; SRS Distribution; Beacon Building Products"
roofing,Fasteners,"Roofing nails 1-1/4 in, 30 lb",box,52,78,"ABC Supply; SRS Distribution; Beacon Building Products; Home Depot Pro; Lowe's Pro; Menards"
roofing,Fasteners,"Roofing nails 1-1/2 in, 30 lb",box,54,82,"ABC Supply; SRS Distribution; Beacon Building Products; Home Depot Pro; Lowe's Pro; Menards"
roofing,Fasteners,"Cap nails 1 in, 3000 ct",box,42,68,"ABC Supply; SRS Distribution; Beacon Building Products; Home Depot Pro; Lowe's Pro; Menards"
roofing,Fasteners,"Plastic cap staples, 2000 ct",box,22,36,"ABC Supply; SRS Distribution; Beacon Building Products"
roofing,Ventilation,"Ridge vent, 4 ft section",ea,14,24,"ABC Supply; SRS Distribution; Beacon Building Products; Home Depot Pro; Lowe's Pro; Menards"
roofing,Ventilation,"Ridge vent, 20 ft roll",roll,62,98,"ABC Supply; SRS Distribution; Beacon Building Products; Home Depot Pro; Lowe's Pro; Menards"
roofing,Ventilation,"Soffit vent, 8 ft strip",ea,9,16,"ABC Supply; SRS Distribution; Beacon Building Products; Home Depot Pro; Lowe's Pro; Menards"
roofing,Ventilation,"Box vent, 50 sq in",ea,16,28,"ABC Supply; SRS Distribution; Beacon Building Products; Home Depot Pro; Lowe's Pro; Menards"
roofing,Ventilation,"Turbine vent, 12 in",ea,42,72,"ABC Supply; SRS Distribution; Beacon Building Products; Home Depot Pro; Lowe's Pro; Menards"
roofing,Sealants,"Roof cement, 10 oz tube",ea,4.5,8.5,"ABC Supply; SRS Distribution; Beacon Building Products; Home Depot Pro; Lowe's Pro; Menards"
roofing,Sealants,"Roof cement, 5 gal",ea,52,88,"ABC Supply; SRS Distribution; Beacon Building Products; Home Depot Pro; Lowe's Pro; Menards"
roofing,Sealants,"Polyurethane sealant, 10 oz",ea,7,13,"ABC Supply; SRS Distribution; Beacon Building Products; Home Depot Pro; Lowe's Pro; Menards"
roofing,Sealants,"Butyl seam tape, 4 in x 50 ft",roll,28,48,"ABC Supply; SRS Distribution; Beacon Building Products"
roofing,Metal,"Standing seam panel, 16 in, per lf",lf,4.5,9,"ABC Supply; SRS Distribution; Beacon Building Products"
roofing,Metal,"Exposed fastener panel, 3 ft, per lf",lf,2.4,4.6,"ABC Supply; SRS Distribution; Beacon Building Products; Home Depot Pro; Lowe's Pro; Menards"
roofing,Fasteners,"Metal roof screws with washer, 250 ct",box,28,48,"ABC Supply; SRS Distribution; Beacon Building Products; Home Depot Pro; Lowe's Pro; Menards"
roofing,Sealants,"Foam closure strips, 10 ft",ea,6,12,"ABC Supply; SRS Distribution; Beacon Building Products"
roofing,Underlayment,"TPO membrane 60 mil, 10 sq roll",roll,285,420,"ABC Supply; SRS Distribution; Beacon Building Products"
roofing,Underlayment,"EPDM membrane 45 mil, 10 sq roll",roll,245,380,"ABC Supply; SRS Distribution; Beacon Building Products"
roofing,Underlayment,"Polyiso insulation board 2 in, 4x8",ea,38,62,"ABC Supply; SRS Distribution; Beacon Building Products; L&W Supply; Foundation Building Materials"
roofing,Sealants,"Bonding adhesive, 5 gal",ea,145,225,"ABC Supply; SRS Distribution; Beacon Building Products"
roofing,Metal,"Gutter, 5 in K-style, 10 ft",ea,11,19,"ABC Supply; SRS Distribution; Beacon Building Products; Home Depot Pro; Lowe's Pro; Menards"
roofing,Metal,"Gutter, 6 in K-style, 10 ft",ea,15,26,"ABC Supply; SRS Distribution; Beacon Building Products; Home Depot Pro; Lowe's Pro; Menards"
roofing,Metal,"Downspout, 2x3, 10 ft",ea,10,17,"ABC Supply; SRS Distribution; Beacon Building Products; Home Depot Pro; Lowe's Pro; Menards"
roofing,Metal,"Downspout elbow, 2x3",ea,4,8,"ABC Supply; SRS Distribution; Beacon Building Products; Home Depot Pro; Lowe's Pro; Menards"
roofing,Hardware,"Hidden gutter hangers, 25 ct",box,38,62,"ABC Supply; SRS Distribution; Beacon Building Products; Home Depot Pro; Lowe's Pro; Menards"
roofing,Metal,"Gutter guard, 4 ft section",ea,7,16,"ABC Supply; SRS Distribution; Beacon Building Products; Home Depot Pro; Lowe's Pro; Menards"
roofing,Hardware,"Snow guards, 10 ct",box,68,130,"ABC Supply; SRS Distribution; Beacon Building Products"
roofing,Tools,"Roof harness and anchor kit",ea,95,185,"ABC Supply; SRS Distribution; Beacon Building Products; Home Depot Pro; Lowe's Pro; Menards; Fastenal; Grainger; Zoro"
roofing,Tools,"Magnetic nail sweeper, 24 in",ea,58,105,"ABC Supply; SRS Distribution; Beacon Building Products; Home Depot Pro; Lowe's Pro; Menards; Fastenal; Grainger; Zoro"
roofing,Tools,"Hook blades, 100 ct",box,16,30,"ABC Supply; SRS Distribution; Beacon Building Products; Home Depot Pro; Lowe's Pro; Menards"
plumbing,Pipe,"PEX-A 1/2 in, 100 ft coil",roll,42,68,"Ferguson; Winsupply; SupplyHouse.com; Home Depot Pro; Lowe's Pro; Menards; PexUniverse"
plumbing,Pipe,"PEX-A 3/4 in, 100 ft coil",roll,72,110,"Ferguson; Winsupply; SupplyHouse.com; Home Depot Pro; Lowe's Pro; Menards; PexUniverse"
plumbing,Pipe,"PEX-B 1/2 in, 100 ft coil",roll,32,52,"Ferguson; Winsupply; SupplyHouse.com; Home Depot Pro; Lowe's Pro; Menards"
plumbing,Pipe,"PEX-B 3/4 in, 100 ft coil",roll,58,92,"Ferguson; Winsupply; SupplyHouse.com; Home Depot Pro; Lowe's Pro; Menards"
plumbing,Pipe,"Copper type L 1/2 in, 10 ft",ea,22,38,"Ferguson; Winsupply; SupplyHouse.com; Home Depot Pro; Lowe's Pro; Menards"
plumbing,Pipe,"Copper type L 3/4 in, 10 ft",ea,36,58,"Ferguson; Winsupply; SupplyHouse.com; Home Depot Pro; Lowe's Pro; Menards"
plumbing,Pipe,"Copper type M 1/2 in, 10 ft",ea,18,30,"Ferguson; Winsupply; SupplyHouse.com; Home Depot Pro; Lowe's Pro; Menards"
plumbing,Pipe,"PVC sch 40, 2 in, 10 ft",ea,11,19,"Ferguson; Winsupply; SupplyHouse.com; Home Depot Pro; Lowe's Pro; Menards"
plumbing,Pipe,"PVC sch 40, 3 in, 10 ft",ea,19,32,"Ferguson; Winsupply; SupplyHouse.com; Home Depot Pro; Lowe's Pro; Menards"
plumbing,Pipe,"PVC sch 40, 4 in, 10 ft",ea,26,44,"Ferguson; Winsupply; SupplyHouse.com; Home Depot Pro; Lowe's Pro; Menards"
plumbing,Pipe,"ABS DWV 2 in, 10 ft",ea,12,21,"Ferguson; Winsupply; SupplyHouse.com; Home Depot Pro; Lowe's Pro; Menards"
plumbing,Pipe,"CPVC 3/4 in, 10 ft",ea,9,16,"Ferguson; Winsupply; SupplyHouse.com; Home Depot Pro; Lowe's Pro; Menards"
plumbing,Pipe,"Cast iron no-hub 4 in, 10 ft",ea,78,135,"Ferguson; Winsupply; SupplyHouse.com"
plumbing,Fittings,"PEX expansion fitting, 1/2 elbow, 10 pk",bag,24,42,"Ferguson; Winsupply; SupplyHouse.com; PexUniverse"
plumbing,Fittings,"PEX expansion fitting, 3/4 elbow, 10 pk",bag,28,48,"Ferguson; Winsupply; SupplyHouse.com; PexUniverse"
plumbing,Fittings,"PEX crimp rings 1/2 in, 100 ct",bag,14,26,"Ferguson; Winsupply; SupplyHouse.com; Home Depot Pro; Lowe's Pro; Menards"
plumbing,Fittings,"Push-to-connect coupling 1/2 in",ea,6.5,12,"Ferguson; Winsupply; SupplyHouse.com; Home Depot Pro; Lowe's Pro; Menards"
plumbing,Fittings,"Push-to-connect elbow 3/4 in",ea,9,16,"Ferguson; Winsupply; SupplyHouse.com; Home Depot Pro; Lowe's Pro; Menards"
plumbing,Fittings,"Copper 90 elbow 1/2 in, 10 pk",bag,8,16,"Ferguson; Winsupply; SupplyHouse.com; Home Depot Pro; Lowe's Pro; Menards"
plumbing,Fittings,"Copper tee 3/4 in, 10 pk",bag,18,34,"Ferguson; Winsupply; SupplyHouse.com; Home Depot Pro; Lowe's Pro; Menards"
plumbing,Fittings,"PVC 90 elbow 2 in",ea,2.6,5,"Ferguson; Winsupply; SupplyHouse.com; Home Depot Pro; Lowe's Pro; Menards"
plumbing,Fittings,"PVC sanitary tee 3 in",ea,7,13,"Ferguson; Winsupply; SupplyHouse.com; Home Depot Pro; Lowe's Pro; Menards"
plumbing,Fittings,"Closet flange, PVC 4x3",ea,8,15,"Ferguson; Winsupply; SupplyHouse.com; Home Depot Pro; Lowe's Pro; Menards"
plumbing,Fittings,"Supply line 3/8 x 12 in braided",ea,6,12,"Ferguson; Winsupply; SupplyHouse.com; Home Depot Pro; Lowe's Pro; Menards"
plumbing,Fittings,"Supply line 3/8 x 20 in braided",ea,7,14,"Ferguson; Winsupply; SupplyHouse.com; Home Depot Pro; Lowe's Pro; Menards"
plumbing,Valves,"Ball valve 1/2 in",ea,10,19,"Ferguson; Winsupply; SupplyHouse.com; Home Depot Pro; Lowe's Pro; Menards"
plumbing,Valves,"Ball valve 3/4 in",ea,13,24,"Ferguson; Winsupply; SupplyHouse.com; Home Depot Pro; Lowe's Pro; Menards"
plumbing,Valves,"Gate valve 3/4 in",ea,16,30,"Ferguson; Winsupply; SupplyHouse.com; Home Depot Pro; Lowe's Pro; Menards"
plumbing,Valves,"Angle stop 1/2 x 3/8",ea,7,14,"Ferguson; Winsupply; SupplyHouse.com; Home Depot Pro; Lowe's Pro; Menards"
plumbing,Valves,"Pressure reducing valve 3/4 in",ea,68,125,"Ferguson; Winsupply; SupplyHouse.com; Home Depot Pro; Lowe's Pro; Menards"
plumbing,Valves,"Backflow preventer 3/4 in",ea,95,185,"Ferguson; Winsupply; SupplyHouse.com"
plumbing,Valves,"Hose bibb, frost free 12 in",ea,24,44,"Ferguson; Winsupply; SupplyHouse.com; Home Depot Pro; Lowe's Pro; Menards"
plumbing,Equipment,"Thermal expansion tank, 2 gal",ea,38,68,"Ferguson; Winsupply; SupplyHouse.com; Home Depot Pro; Lowe's Pro; Menards"
plumbing,Equipment,"Water heater, 40 gal gas",ea,620,1050,"Ferguson; Winsupply; SupplyHouse.com; Home Depot Pro; Lowe's Pro; Menards"
plumbing,Equipment,"Water heater, 50 gal gas",ea,750,1250,"Ferguson; Winsupply; SupplyHouse.com; Home Depot Pro; Lowe's Pro; Menards"
plumbing,Equipment,"Water heater, 50 gal electric",ea,580,980,"Ferguson; Winsupply; SupplyHouse.com; Home Depot Pro; Lowe's Pro; Menards"
plumbing,Equipment,"Tankless water heater, gas",ea,950,1750,"Ferguson; Winsupply; SupplyHouse.com; Home Depot Pro; Lowe's Pro; Menards"
plumbing,Equipment,"Sump pump, 1/3 HP",ea,130,240,"Ferguson; Winsupply; SupplyHouse.com; Home Depot Pro; Lowe's Pro; Menards"
plumbing,Equipment,"Sewage ejector pump",ea,340,620,"Ferguson; Winsupply; SupplyHouse.com"
plumbing,Equipment,"Water softener, 40k grain",ea,480,850,"Ferguson; Winsupply; SupplyHouse.com; Home Depot Pro; Lowe's Pro; Menards"
plumbing,Equipment,"Recirculation pump",ea,180,340,"Ferguson; Winsupply; SupplyHouse.com"
plumbing,Drainage,"P-trap 1-1/2 in PVC",ea,5,10,"Ferguson; Winsupply; SupplyHouse.com; Home Depot Pro; Lowe's Pro; Menards"
plumbing,Drainage,"Floor drain, 3 in",ea,34,62,"Ferguson; Winsupply; SupplyHouse.com; Home Depot Pro; Lowe's Pro; Menards"
plumbing,Drainage,"Cleanout plug and adapter, 4 in",ea,9,17,"Ferguson; Winsupply; SupplyHouse.com; Home Depot Pro; Lowe's Pro; Menards"
plumbing,Drainage,"Condensate pump",ea,52,95,"Ferguson; Winsupply; SupplyHouse.com; Johnstone Supply"
plumbing,Fixtures,"Toilet, two piece elongated",ea,165,380,"Ferguson; Winsupply; SupplyHouse.com; Home Depot Pro; Lowe's Pro; Menards"
plumbing,Fixtures,"Toilet, one piece",ea,320,680,"Ferguson; Winsupply; SupplyHouse.com; Home Depot Pro; Lowe's Pro; Menards"
plumbing,Fixtures,"Wax ring with flange",ea,4,9,"Ferguson; Winsupply; SupplyHouse.com; Home Depot Pro; Lowe's Pro; Menards"
plumbing,Fixtures,"Lavatory faucet, single hole",ea,78,210,"Ferguson; Winsupply; SupplyHouse.com; Home Depot Pro; Lowe's Pro; Menards"
plumbing,Fixtures,"Kitchen faucet, pull down",ea,140,390,"Ferguson; Winsupply; SupplyHouse.com; Home Depot Pro; Lowe's Pro; Menards"
plumbing,Fixtures,"Shower valve, pressure balance",ea,95,220,"Ferguson; Winsupply; SupplyHouse.com; Home Depot Pro; Lowe's Pro; Menards"
plumbing,Fixtures,"Tub spout and trim kit",ea,68,180,"Ferguson; Winsupply; SupplyHouse.com; Home Depot Pro; Lowe's Pro; Menards"
plumbing,Fixtures,"Stainless undermount sink, 16 ga",ea,185,420,"Ferguson; Winsupply; SupplyHouse.com; Home Depot Pro; Lowe's Pro; Menards"
plumbing,Fixtures,"Garbage disposal, 3/4 HP",ea,130,265,"Ferguson; Winsupply; SupplyHouse.com; Home Depot Pro; Lowe's Pro; Menards"
plumbing,Sealants,"Lead-free solder, 1 lb",ea,24,42,"Ferguson; Winsupply; SupplyHouse.com; Home Depot Pro; Lowe's Pro; Menards"
plumbing,Sealants,"Soldering flux, 4 oz",ea,6,12,"Ferguson; Winsupply; SupplyHouse.com; Home Depot Pro; Lowe's Pro; Menards"
plumbing,Sealants,"PVC cement and primer set",ea,12,22,"Ferguson; Winsupply; SupplyHouse.com; Home Depot Pro; Lowe's Pro; Menards"
plumbing,Sealants,"Teflon tape, 10 pk",pk,8,16,"Ferguson; Winsupply; SupplyHouse.com; Home Depot Pro; Lowe's Pro; Menards"
plumbing,Prep,"Pipe insulation 3/4 in, 6 ft",ea,2.2,4.5,"Ferguson; Winsupply; SupplyHouse.com; Home Depot Pro; Lowe's Pro; Menards"
electrical,Wire,"Romex NM-B 14/2, 250 ft",roll,62,105,"CED (Consolidated Electrical); Graybar; Winsupply; Home Depot Pro; Lowe's Pro; Menards"
electrical,Wire,"Romex NM-B 12/2, 250 ft",roll,88,145,"CED (Consolidated Electrical); Graybar; Winsupply; Home Depot Pro; Lowe's Pro; Menards"
electrical,Wire,"Romex NM-B 12/3, 250 ft",roll,135,215,"CED (Consolidated Electrical); Graybar; Winsupply; Home Depot Pro; Lowe's Pro; Menards"
electrical,Wire,"Romex NM-B 10/2, 250 ft",roll,145,235,"CED (Consolidated Electrical); Graybar; Winsupply; Home Depot Pro; Lowe's Pro; Menards"
electrical,Wire,"Romex NM-B 10/3, 250 ft",roll,195,310,"CED (Consolidated Electrical); Graybar; Winsupply; Home Depot Pro; Lowe's Pro; Menards"
electrical,Wire,"Romex NM-B 6/3, 125 ft",roll,280,450,"CED (Consolidated Electrical); Graybar; Winsupply; Home Depot Pro; Lowe's Pro; Menards"
electrical,Wire,"THHN 12 AWG, 500 ft",roll,62,105,"CED (Consolidated Electrical); Graybar; Winsupply; Home Depot Pro; Lowe's Pro; Menards"
electrical,Wire,"THHN 10 AWG, 500 ft",roll,95,160,"CED (Consolidated Electrical); Graybar; Winsupply; Home Depot Pro; Lowe's Pro; Menards"
electrical,Wire,"UF-B 12/2 direct burial, 250 ft",roll,130,210,"CED (Consolidated Electrical); Graybar; Winsupply; Home Depot Pro; Lowe's Pro; Menards"
electrical,Wire,"SER 4/0 aluminum, per ft",lf,4.2,7.5,"CED (Consolidated Electrical); Graybar; Winsupply"
electrical,Wire,"Bare copper ground 6 AWG, 100 ft",roll,58,95,"CED (Consolidated Electrical); Graybar; Winsupply; Home Depot Pro; Lowe's Pro; Menards"
electrical,Breakers,"Breaker 15A single pole",ea,6.5,13,"CED (Consolidated Electrical); Graybar; Winsupply; Home Depot Pro; Lowe's Pro; Menards"
electrical,Breakers,"Breaker 20A single pole",ea,7,14,"CED (Consolidated Electrical); Graybar; Winsupply; Home Depot Pro; Lowe's Pro; Menards"
electrical,Breakers,"Breaker 30A double pole",ea,15,28,"CED (Consolidated Electrical); Graybar; Winsupply; Home Depot Pro; Lowe's Pro; Menards"
electrical,Breakers,"Breaker 50A double pole",ea,18,34,"CED (Consolidated Electrical); Graybar; Winsupply; Home Depot Pro; Lowe's Pro; Menards"
electrical,Breakers,"AFCI breaker 20A",ea,42,72,"CED (Consolidated Electrical); Graybar; Winsupply; Home Depot Pro; Lowe's Pro; Menards"
electrical,Breakers,"GFCI breaker 20A",ea,48,85,"CED (Consolidated Electrical); Graybar; Winsupply; Home Depot Pro; Lowe's Pro; Menards"
electrical,Panels,"Load center 100A, 20 space",ea,95,175,"CED (Consolidated Electrical); Graybar; Winsupply; Home Depot Pro; Lowe's Pro; Menards"
electrical,Panels,"Load center 200A, 40 space",ea,195,340,"CED (Consolidated Electrical); Graybar; Winsupply; Home Depot Pro; Lowe's Pro; Menards"
electrical,Panels,"Meter main combo 200A",ea,280,520,"CED (Consolidated Electrical); Graybar; Winsupply"
electrical,Panels,"Generator interlock kit",ea,58,110,"CED (Consolidated Electrical); Graybar; Winsupply; Home Depot Pro; Lowe's Pro; Menards"
electrical,Panels,"Transfer switch, 10 circuit",ea,280,480,"CED (Consolidated Electrical); Graybar; Winsupply; Home Depot Pro; Lowe's Pro; Menards"
electrical,Devices,"Duplex receptacle 15A TR, 10 pk",box,16,30,"CED (Consolidated Electrical); Graybar; Winsupply; Home Depot Pro; Lowe's Pro; Menards"
electrical,Devices,"Duplex receptacle 20A TR, 10 pk",box,26,46,"CED (Consolidated Electrical); Graybar; Winsupply; Home Depot Pro; Lowe's Pro; Menards"
electrical,Devices,"GFCI receptacle 20A",ea,17,30,"CED (Consolidated Electrical); Graybar; Winsupply; Home Depot Pro; Lowe's Pro; Menards"
electrical,Devices,"USB receptacle 20A",ea,28,52,"CED (Consolidated Electrical); Graybar; Winsupply; Home Depot Pro; Lowe's Pro; Menards"
electrical,Devices,"Decora switch single pole, 10 pk",box,22,40,"CED (Consolidated Electrical); Graybar; Winsupply; Home Depot Pro; Lowe's Pro; Menards"
electrical,Devices,"Three way switch, 10 pk",box,32,58,"CED (Consolidated Electrical); Graybar; Winsupply; Home Depot Pro; Lowe's Pro; Menards"
electrical,Devices,"Dimmer switch, LED compatible",ea,18,34,"CED (Consolidated Electrical); Graybar; Winsupply; Home Depot Pro; Lowe's Pro; Menards"
electrical,Devices,"Smart switch, wifi",ea,28,55,"CED (Consolidated Electrical); Graybar; Winsupply; Home Depot Pro; Lowe's Pro; Menards"
electrical,Devices,"Wall plate, white, 10 pk",box,8,16,"CED (Consolidated Electrical); Graybar; Winsupply; Home Depot Pro; Lowe's Pro; Menards"
electrical,Boxes,"Single gang old work box, 25 pk",box,26,46,"CED (Consolidated Electrical); Graybar; Winsupply; Home Depot Pro; Lowe's Pro; Menards"
electrical,Boxes,"Single gang new work box, 25 pk",box,16,30,"CED (Consolidated Electrical); Graybar; Winsupply; Home Depot Pro; Lowe's Pro; Menards"
electrical,Boxes,"Double gang box, 10 pk",box,18,34,"CED (Consolidated Electrical); Graybar; Winsupply; Home Depot Pro; Lowe's Pro; Menards"
electrical,Boxes,"4 in square box with mud ring",ea,4.5,9,"CED (Consolidated Electrical); Graybar; Winsupply; Home Depot Pro; Lowe's Pro; Menards"
electrical,Boxes,"Ceiling fan rated box",ea,8,16,"CED (Consolidated Electrical); Graybar; Winsupply; Home Depot Pro; Lowe's Pro; Menards"
electrical,Boxes,"Weatherproof box and cover",ea,11,22,"CED (Consolidated Electrical); Graybar; Winsupply; Home Depot Pro; Lowe's Pro; Menards"
electrical,Conduit,"EMT 1/2 in, 10 ft",ea,7,13,"CED (Consolidated Electrical); Graybar; Winsupply; Home Depot Pro; Lowe's Pro; Menards"
electrical,Conduit,"EMT 3/4 in, 10 ft",ea,8.5,16,"CED (Consolidated Electrical); Graybar; Winsupply; Home Depot Pro; Lowe's Pro; Menards"
electrical,Conduit,"PVC conduit sch 40, 3/4 in, 10 ft",ea,5,10,"CED (Consolidated Electrical); Graybar; Winsupply; Home Depot Pro; Lowe's Pro; Menards"
electrical,Conduit,"Liquidtight flex 3/4 in, 25 ft",roll,42,75,"CED (Consolidated Electrical); Graybar; Winsupply; Home Depot Pro; Lowe's Pro; Menards"
electrical,Conduit,"EMT connectors 3/4 in, 25 pk",box,18,34,"CED (Consolidated Electrical); Graybar; Winsupply; Home Depot Pro; Lowe's Pro; Menards"
electrical,Conduit,"Conduit straps 3/4 in, 100 ct",box,14,26,"CED (Consolidated Electrical); Graybar; Winsupply; Home Depot Pro; Lowe's Pro; Menards"
electrical,Connectors,"Wire nuts assorted, 100 ct",box,10,20,"CED (Consolidated Electrical); Graybar; Winsupply; Home Depot Pro; Lowe's Pro; Menards"
electrical,Connectors,"Push-in connectors 3 port, 100 ct",box,26,46,"CED (Consolidated Electrical); Graybar; Winsupply; Home Depot Pro; Lowe's Pro; Menards"
electrical,Connectors,"NM cable connectors, 50 ct",box,16,30,"CED (Consolidated Electrical); Graybar; Winsupply; Home Depot Pro; Lowe's Pro; Menards"
electrical,Connectors,"Ground bar kit",ea,9,18,"CED (Consolidated Electrical); Graybar; Winsupply; Home Depot Pro; Lowe's Pro; Menards"
electrical,Lighting,"LED recessed 6 in, 4 pk",case,42,78,"CED (Consolidated Electrical); Graybar; Winsupply; Home Depot Pro; Lowe's Pro; Menards"
electrical,Lighting,"LED recessed 4 in, 4 pk",case,38,70,"CED (Consolidated Electrical); Graybar; Winsupply; Home Depot Pro; Lowe's Pro; Menards"
electrical,Lighting,"LED wafer light 6 in",ea,11,22,"CED (Consolidated Electrical); Graybar; Winsupply; Home Depot Pro; Lowe's Pro; Menards"
electrical,Lighting,"LED shop light 4 ft",ea,24,48,"CED (Consolidated Electrical); Graybar; Winsupply; Home Depot Pro; Lowe's Pro; Menards"
electrical,Lighting,"LED flood light, 50W",ea,32,62,"CED (Consolidated Electrical); Graybar; Winsupply; Home Depot Pro; Lowe's Pro; Menards"
electrical,Lighting,"Under cabinet LED, 24 in",ea,26,52,"CED (Consolidated Electrical); Graybar; Winsupply; Home Depot Pro; Lowe's Pro; Menards"
electrical,Equipment,"Exhaust fan, 110 CFM",ea,68,130,"CED (Consolidated Electrical); Graybar; Winsupply; Home Depot Pro; Lowe's Pro; Menards"
electrical,Equipment,"Ceiling fan, 52 in",ea,95,240,"CED (Consolidated Electrical); Graybar; Winsupply; Home Depot Pro; Lowe's Pro; Menards"
electrical,Devices,"Smoke and CO detector, hardwired",ea,34,62,"CED (Consolidated Electrical); Graybar; Winsupply; Home Depot Pro; Lowe's Pro; Menards"
electrical,Hardware,"Ground rod 8 ft copper clad",ea,18,32,"CED (Consolidated Electrical); Graybar; Winsupply; Home Depot Pro; Lowe's Pro; Menards"
electrical,Equipment,"EV charger, 48A",ea,400,750,"CED (Consolidated Electrical); Graybar; Winsupply; Home Depot Pro; Lowe's Pro; Menards"
hvac,Refrigerant,"R-410A refrigerant, 25 lb",cyl,185,320,"Johnstone Supply; Ferguson; SupplyHouse.com"
hvac,Refrigerant,"R-454B refrigerant, 25 lb",cyl,240,420,"Johnstone Supply; Ferguson; SupplyHouse.com"
hvac,Copper,"Line set 3/8 x 3/4, 50 ft",ea,165,275,"Johnstone Supply; Ferguson; SupplyHouse.com; Home Depot Pro; Lowe's Pro; Menards"
hvac,Copper,"Line set 1/4 x 1/2, 25 ft",ea,78,135,"Johnstone Supply; Ferguson; SupplyHouse.com; Home Depot Pro; Lowe's Pro; Menards"
hvac,Copper,"Copper coil 3/8 in, 50 ft",roll,95,165,"Johnstone Supply; Ferguson; SupplyHouse.com; Winsupply"
hvac,Equipment,"Condenser 2.5 ton, 14 SEER",ea,1250,2100,"Johnstone Supply; Ferguson; SupplyHouse.com; HVACDirect"
hvac,Equipment,"Condenser 3 ton, 16 SEER",ea,1650,2800,"Johnstone Supply; Ferguson; SupplyHouse.com; HVACDirect"
hvac,Equipment,"Air handler 3 ton",ea,950,1700,"Johnstone Supply; Ferguson; SupplyHouse.com; HVACDirect"
hvac,Equipment,"Gas furnace 80k BTU, 80%",ea,850,1550,"Johnstone Supply; Ferguson; SupplyHouse.com; HVACDirect"
hvac,Equipment,"Gas furnace 100k BTU, 96%",ea,1450,2500,"Johnstone Supply; Ferguson; SupplyHouse.com; HVACDirect"
hvac,Equipment,"Mini split 12k BTU, single zone",ea,850,1500,"Johnstone Supply; Ferguson; SupplyHouse.com; HVACDirect"
hvac,Equipment,"Evaporator coil, cased 3 ton",ea,520,920,"Johnstone Supply; Ferguson; SupplyHouse.com"
hvac,Equipment,"Heat pump 3 ton",ea,1850,3200,"Johnstone Supply; Ferguson; SupplyHouse.com; HVACDirect"
hvac,Electrical,"Run capacitor 45/5 MFD",ea,16,32,"Johnstone Supply; Ferguson; SupplyHouse.com; Home Depot Pro; Lowe's Pro; Menards"
hvac,Electrical,"Run capacitor 35/5 MFD",ea,14,28,"Johnstone Supply; Ferguson; SupplyHouse.com; Home Depot Pro; Lowe's Pro; Menards"
hvac,Electrical,"Contactor 2 pole 30A",ea,14,28,"Johnstone Supply; Ferguson; SupplyHouse.com; Home Depot Pro; Lowe's Pro; Menards"
hvac,Electrical,"Hard start kit",ea,24,48,"Johnstone Supply; Ferguson; SupplyHouse.com"
hvac,Electrical,"Disconnect box 60A, non-fused",ea,18,36,"Johnstone Supply; Ferguson; SupplyHouse.com; CED (Consolidated Electrical); Graybar; Winsupply; Home Depot Pro; Lowe's Pro; Menards"
hvac,Electrical,"Whip, 6 ft 10/2",ea,22,42,"Johnstone Supply; Ferguson; SupplyHouse.com; CED (Consolidated Electrical); Graybar; Winsupply; Home Depot Pro; Lowe's Pro; Menards"
hvac,Electrical,"Transformer 40 VA",ea,18,34,"Johnstone Supply; Ferguson; SupplyHouse.com"
hvac,Controls,"Smart thermostat",ea,95,250,"Johnstone Supply; Ferguson; SupplyHouse.com; Home Depot Pro; Lowe's Pro; Menards"
hvac,Controls,"Programmable thermostat",ea,34,78,"Johnstone Supply; Ferguson; SupplyHouse.com; Home Depot Pro; Lowe's Pro; Menards"
hvac,Controls,"Zone control board, 3 zone",ea,240,420,"Johnstone Supply; Ferguson; SupplyHouse.com"
hvac,Controls,"Zone damper, 8 in",ea,68,125,"Johnstone Supply; Ferguson; SupplyHouse.com"
hvac,Controls,"Condensate float switch",ea,11,22,"Johnstone Supply; Ferguson; SupplyHouse.com"
hvac,Filters,"Pleated filter 16x25x1, 12 pk",case,38,68,"Johnstone Supply; Ferguson; SupplyHouse.com; Home Depot Pro; Lowe's Pro; Menards"
hvac,Filters,"Pleated filter 20x25x1, 12 pk",case,42,78,"Johnstone Supply; Ferguson; SupplyHouse.com; Home Depot Pro; Lowe's Pro; Menards"
hvac,Filters,"Media filter 20x25x5",ea,34,65,"Johnstone Supply; Ferguson; SupplyHouse.com; Home Depot Pro; Lowe's Pro; Menards"
hvac,Motors,"Blower motor 1/2 HP, ECM",ea,280,520,"Johnstone Supply; Ferguson; SupplyHouse.com"
hvac,Motors,"Condenser fan motor 1/4 HP",ea,95,180,"Johnstone Supply; Ferguson; SupplyHouse.com"
hvac,Motors,"Inducer motor assembly",ea,185,340,"Johnstone Supply; Ferguson; SupplyHouse.com"
hvac,Duct,"Flex duct R8, 8 in x 25 ft",ea,48,88,"Johnstone Supply; Ferguson; SupplyHouse.com; Home Depot Pro; Lowe's Pro; Menards"
hvac,Duct,"Flex duct R8, 6 in x 25 ft",ea,38,72,"Johnstone Supply; Ferguson; SupplyHouse.com; Home Depot Pro; Lowe's Pro; Menards"
hvac,Duct,"Rigid duct 8 in, 5 ft",ea,14,26,"Johnstone Supply; Ferguson; SupplyHouse.com; Home Depot Pro; Lowe's Pro; Menards"
hvac,Duct,"Sheet metal plenum, 20x20x48",ea,78,145,"Johnstone Supply; Ferguson; SupplyHouse.com"
hvac,Duct,"Supply register 4x10",ea,8,18,"Johnstone Supply; Ferguson; SupplyHouse.com; Home Depot Pro; Lowe's Pro; Menards"
hvac,Duct,"Return grille 20x20",ea,24,48,"Johnstone Supply; Ferguson; SupplyHouse.com; Home Depot Pro; Lowe's Pro; Menards"
hvac,Duct,"Duct board 1-1/2 in, 4x10",ea,42,78,"Johnstone Supply; Ferguson; SupplyHouse.com"
hvac,Sealants,"Foil duct tape, 2 in x 60 yd",roll,9,18,"Johnstone Supply; Ferguson; SupplyHouse.com; Home Depot Pro; Lowe's Pro; Menards"
hvac,Sealants,"Duct mastic, 1 gal",ea,18,34,"Johnstone Supply; Ferguson; SupplyHouse.com; Home Depot Pro; Lowe's Pro; Menards"
hvac,Tools,"Nitrogen regulator",ea,120,240,"Johnstone Supply; Ferguson; SupplyHouse.com"
hvac,Install,"Equipment pad 36x36",ea,52,98,"Johnstone Supply; Ferguson; SupplyHouse.com; Home Depot Pro; Lowe's Pro; Menards"
hvac,Install,"Line set cover kit",ea,42,85,"Johnstone Supply; Ferguson; SupplyHouse.com"
hvac,Drainage,"Condensate pump, 120V",ea,48,92,"Johnstone Supply; Ferguson; SupplyHouse.com; Winsupply"
hvac,Equipment,"UV air purifier",ea,240,450,"Johnstone Supply; Ferguson; SupplyHouse.com"
hvac,Equipment,"Whole house humidifier",ea,180,340,"Johnstone Supply; Ferguson; SupplyHouse.com; Home Depot Pro; Lowe's Pro; Menards"
painting,Paint,"Interior paint, eggshell, 5 gal",ea,135,235,"Sherwin-Williams; Benjamin Moore; Home Depot Pro; Lowe's Pro; Menards"
painting,Paint,"Interior paint, flat, 5 gal",ea,120,210,"Sherwin-Williams; Benjamin Moore; Home Depot Pro; Lowe's Pro; Menards"
painting,Paint,"Interior paint, satin, 5 gal",ea,145,250,"Sherwin-Williams; Benjamin Moore; Home Depot Pro; Lowe's Pro; Menards"
painting,Paint,"Interior paint, semi-gloss, 5 gal",ea,150,260,"Sherwin-Williams; Benjamin Moore; Home Depot Pro; Lowe's Pro; Menards"
painting,Paint,"Exterior paint, satin, 5 gal",ea,175,300,"Sherwin-Williams; Benjamin Moore; Home Depot Pro; Lowe's Pro; Menards"
painting,Paint,"Exterior paint, flat, 5 gal",ea,165,285,"Sherwin-Williams; Benjamin Moore; Home Depot Pro; Lowe's Pro; Menards"
painting,Paint,"Ceiling paint, flat white, 5 gal",ea,95,175,"Sherwin-Williams; Benjamin Moore; Home Depot Pro; Lowe's Pro; Menards"
painting,Paint,"Primer, PVA drywall, 5 gal",ea,78,140,"Sherwin-Williams; Benjamin Moore; Home Depot Pro; Lowe's Pro; Menards"
painting,Paint,"Primer, stain blocking oil, 5 gal",ea,135,235,"Sherwin-Williams; Benjamin Moore; Home Depot Pro; Lowe's Pro; Menards"
painting,Paint,"Primer, bonding, 1 gal",ea,34,62,"Sherwin-Williams; Benjamin Moore; Home Depot Pro; Lowe's Pro; Menards"
painting,Paint,"Cabinet enamel, 1 gal",ea,58,110,"Sherwin-Williams; Benjamin Moore; Home Depot Pro; Lowe's Pro; Menards"
painting,Paint,"Porch and floor enamel, 1 gal",ea,42,78,"Sherwin-Williams; Benjamin Moore; Home Depot Pro; Lowe's Pro; Menards"
painting,Paint,"Exterior stain, semi-transparent, 5 gal",ea,165,290,"Sherwin-Williams; Benjamin Moore; Home Depot Pro; Lowe's Pro; Menards"
painting,Paint,"Elastomeric coating, 5 gal",ea,145,265,"Sherwin-Williams; Benjamin Moore; Home Depot Pro; Lowe's Pro; Menards"
painting,Tools,"Roller cover 9 in, 3/8 nap, 6 pk",pk,18,34,"Sherwin-Williams; Benjamin Moore; Home Depot Pro; Lowe's Pro; Menards"
painting,Tools,"Roller cover 9 in, 1/2 nap, 6 pk",pk,20,38,"Sherwin-Williams; Benjamin Moore; Home Depot Pro; Lowe's Pro; Menards"
painting,Tools,"Roller cover 18 in, 3/8 nap",ea,11,22,"Sherwin-Williams; Benjamin Moore; Home Depot Pro; Lowe's Pro; Menards"
painting,Tools,"Roller frame 9 in",ea,8,16,"Sherwin-Williams; Benjamin Moore; Home Depot Pro; Lowe's Pro; Menards"
painting,Tools,"Brush 2.5 in angled sash",ea,12,24,"Sherwin-Williams; Benjamin Moore; Home Depot Pro; Lowe's Pro; Menards"
painting,Tools,"Brush 4 in wall",ea,16,32,"Sherwin-Williams; Benjamin Moore; Home Depot Pro; Lowe's Pro; Menards"
painting,Tools,"Airless spray tip, 517",ea,22,42,"Sherwin-Williams; Benjamin Moore; Home Depot Pro; Lowe's Pro; Menards"
painting,Tools,"Spray sock and filters",pk,14,28,"Sherwin-Williams; Benjamin Moore"
painting,Tools,"5 gal bucket and grid",ea,12,24,"Sherwin-Williams; Benjamin Moore; Home Depot Pro; Lowe's Pro; Menards"
painting,Prep,"Painter tape 1.5 in, 6 pk",pk,28,48,"Sherwin-Williams; Benjamin Moore; Home Depot Pro; Lowe's Pro; Menards"
painting,Prep,"Painter tape 2 in, 6 pk",pk,34,58,"Sherwin-Williams; Benjamin Moore; Home Depot Pro; Lowe's Pro; Menards"
painting,Prep,"Masking film 24 in x 180 ft",roll,14,28,"Sherwin-Williams; Benjamin Moore; Home Depot Pro; Lowe's Pro; Menards"
painting,Prep,"Drop cloth canvas 9x12",ea,22,42,"Sherwin-Williams; Benjamin Moore; Home Depot Pro; Lowe's Pro; Menards"
painting,Prep,"Drop cloth plastic 9x12, 3 pk",pk,12,24,"Sherwin-Williams; Benjamin Moore; Home Depot Pro; Lowe's Pro; Menards"
painting,Prep,"Rosin paper 36 in x 166 ft",roll,24,44,"Sherwin-Williams; Benjamin Moore; Home Depot Pro; Lowe's Pro; Menards"
painting,Prep,"Sanding sponges, 12 pk",pk,14,26,"Sherwin-Williams; Benjamin Moore; Home Depot Pro; Lowe's Pro; Menards"
painting,Prep,"Sanding pole and screens",ea,24,46,"Sherwin-Williams; Benjamin Moore; Home Depot Pro; Lowe's Pro; Menards; L&W Supply; Foundation Building Materials"
painting,Prep,"Joint compound, 4.5 gal",ea,16,30,"Sherwin-Williams; Benjamin Moore; Home Depot Pro; Lowe's Pro; Menards; L&W Supply; Foundation Building Materials"
painting,Prep,"Spackling paste, 1 gal",ea,14,28,"Sherwin-Williams; Benjamin Moore; Home Depot Pro; Lowe's Pro; Menards"
painting,Prep,"Wood filler, 1 qt",ea,12,24,"Sherwin-Williams; Benjamin Moore; Home Depot Pro; Lowe's Pro; Menards"
painting,Prep,"TSP cleaner, 1 gal",ea,14,26,"Sherwin-Williams; Benjamin Moore; Home Depot Pro; Lowe's Pro; Menards"
painting,Sealants,"Caulk, paintable acrylic, 12 pk",case,32,58,"Sherwin-Williams; Benjamin Moore; Home Depot Pro; Lowe's Pro; Menards"
painting,Sealants,"Caulk, siliconized acrylic, 12 pk",case,38,68,"Sherwin-Williams; Benjamin Moore; Home Depot Pro; Lowe's Pro; Menards"
painting,Sealants,"Exterior sealant, 10 oz",ea,8,16,"Sherwin-Williams; Benjamin Moore; Home Depot Pro; Lowe's Pro; Menards"
landscaping,Turf,"Sod, bermuda, pallet",pallet,260,420,"SiteOne Landscape Supply; SRS Distribution"
landscaping,Turf,"Sod, fescue, pallet",pallet,280,450,"SiteOne Landscape Supply; SRS Distribution"
landscaping,Turf,"Sod, zoysia, pallet",pallet,340,520,"SiteOne Landscape Supply; SRS Distribution"
landscaping,Turf,"Grass seed, tall fescue, 50 lb",bag,120,200,"SiteOne Landscape Supply; SRS Distribution; Home Depot Pro; Lowe's Pro; Menards"
landscaping,Turf,"Starter fertilizer, 50 lb",bag,38,68,"SiteOne Landscape Supply; SRS Distribution; Home Depot Pro; Lowe's Pro; Menards"
landscaping,Turf,"Weed and feed, 50 lb",bag,42,75,"SiteOne Landscape Supply; SRS Distribution; Home Depot Pro; Lowe's Pro; Menards"
landscaping,Bulk,"Mulch, hardwood, cu yd",yd,32,58,"SiteOne Landscape Supply; SRS Distribution"
landscaping,Bulk,"Mulch, cedar, cu yd",yd,42,72,"SiteOne Landscape Supply; SRS Distribution"
landscaping,Bulk,"Mulch, bagged 2 cu ft, 50 pk",pallet,145,250,"SiteOne Landscape Supply; SRS Distribution; Home Depot Pro; Lowe's Pro; Menards"
landscaping,Bulk,"Topsoil, screened, cu yd",yd,28,52,"SiteOne Landscape Supply; SRS Distribution"
landscaping,Bulk,"Compost, cu yd",yd,34,62,"SiteOne Landscape Supply; SRS Distribution"
landscaping,Bulk,"River rock 1 in, cu yd",yd,85,145,"SiteOne Landscape Supply; SRS Distribution"
landscaping,Bulk,"Decomposed granite, cu yd",yd,52,95,"SiteOne Landscape Supply; SRS Distribution"
landscaping,Bulk,"Paver base gravel, cu yd",yd,32,58,"SiteOne Landscape Supply; SRS Distribution; White Cap"
landscaping,Bulk,"Paver sand, cu yd",yd,38,68,"SiteOne Landscape Supply; SRS Distribution; White Cap"
landscaping,Bulk,"Polymeric sand, 50 lb",bag,28,48,"SiteOne Landscape Supply; SRS Distribution; Home Depot Pro; Lowe's Pro; Menards"
landscaping,Hardscape,"Paver 6x9, per sq ft",sqft,3.2,6.5,"SiteOne Landscape Supply; SRS Distribution; Home Depot Pro; Lowe's Pro; Menards"
landscaping,Hardscape,"Paver 12x12, per sq ft",sqft,3.8,7.5,"SiteOne Landscape Supply; SRS Distribution; Home Depot Pro; Lowe's Pro; Menards"
landscaping,Hardscape,"Retaining wall block, per sq ft",sqft,6,12,"SiteOne Landscape Supply; SRS Distribution; Home Depot Pro; Lowe's Pro; Menards"
landscaping,Hardscape,"Flagstone, per ton",ton,280,520,"SiteOne Landscape Supply; SRS Distribution"
landscaping,Hardscape,"Steel edging, 8 ft",ea,18,34,"SiteOne Landscape Supply; SRS Distribution; Home Depot Pro; Lowe's Pro; Menards"
landscaping,Hardscape,"Plastic paver edging, 8 ft",ea,8,16,"SiteOne Landscape Supply; SRS Distribution; Home Depot Pro; Lowe's Pro; Menards"
landscaping,Prep,"Landscape fabric 4x100 ft",roll,34,62,"SiteOne Landscape Supply; SRS Distribution; Home Depot Pro; Lowe's Pro; Menards"
landscaping,Prep,"Weed barrier pins, 100 ct",box,14,26,"SiteOne Landscape Supply; SRS Distribution; Home Depot Pro; Lowe's Pro; Menards"
landscaping,Irrigation,"Drip tubing 1/2 in, 100 ft",roll,18,34,"SiteOne Landscape Supply; SRS Distribution; Home Depot Pro; Lowe's Pro; Menards"
landscaping,Irrigation,"Drip emitters, 100 ct",bag,16,30,"SiteOne Landscape Supply; SRS Distribution; Home Depot Pro; Lowe's Pro; Menards"
landscaping,Irrigation,"Sprinkler head, 4 in pop-up, 25 pk",case,52,95,"SiteOne Landscape Supply; SRS Distribution; Home Depot Pro; Lowe's Pro; Menards"
landscaping,Irrigation,"Rotor head, 4 in, 10 pk",case,95,175,"SiteOne Landscape Supply; SRS Distribution"
landscaping,Irrigation,"Irrigation valve 1 in",ea,22,42,"SiteOne Landscape Supply; SRS Distribution; Home Depot Pro; Lowe's Pro; Menards"
landscaping,Irrigation,"Valve box, 10 in round",ea,14,28,"SiteOne Landscape Supply; SRS Distribution; Home Depot Pro; Lowe's Pro; Menards"
landscaping,Irrigation,"Irrigation controller, 8 zone",ea,85,185,"SiteOne Landscape Supply; SRS Distribution; Home Depot Pro; Lowe's Pro; Menards"
landscaping,Irrigation,"Poly pipe 1 in, 100 ft",roll,28,52,"SiteOne Landscape Supply; SRS Distribution; Home Depot Pro; Lowe's Pro; Menards"
landscaping,Irrigation,"Backflow preventer, 1 in PVB",ea,110,200,"SiteOne Landscape Supply; SRS Distribution; Ferguson; Winsupply; SupplyHouse.com"
landscaping,Plants,"Shrub, 3 gal",ea,22,45,"SiteOne Landscape Supply; SRS Distribution; Home Depot Pro; Lowe's Pro; Menards"
landscaping,Plants,"Shrub, 5 gal",ea,34,68,"SiteOne Landscape Supply; SRS Distribution; Home Depot Pro; Lowe's Pro; Menards"
landscaping,Plants,"Tree, 15 gal",ea,95,185,"SiteOne Landscape Supply; SRS Distribution"
landscaping,Plants,"Perennial, 1 gal",ea,8,18,"SiteOne Landscape Supply; SRS Distribution; Home Depot Pro; Lowe's Pro; Menards"
landscaping,Plants,"Annual flats, 18 ct",flat,22,42,"SiteOne Landscape Supply; SRS Distribution; Home Depot Pro; Lowe's Pro; Menards"
landscaping,Lighting,"Landscape lighting, path light",ea,34,78,"SiteOne Landscape Supply; SRS Distribution; Home Depot Pro; Lowe's Pro; Menards"
landscaping,Lighting,"Low voltage transformer, 300W",ea,130,240,"SiteOne Landscape Supply; SRS Distribution; Home Depot Pro; Lowe's Pro; Menards"
landscaping,Wire,"Low voltage cable 12/2, 100 ft",roll,52,95,"SiteOne Landscape Supply; SRS Distribution; Home Depot Pro; Lowe's Pro; Menards"
concrete,Concrete,"Ready mix 3000 psi, cu yd",yd,145,210,"White Cap"
concrete,Concrete,"Ready mix 4000 psi, cu yd",yd,160,235,"White Cap"
concrete,Concrete,"Short load fee, per yd under minimum",ea,40,95,"White Cap"
concrete,Concrete,"Concrete mix 80 lb bag",bag,5.5,9.5,"White Cap; Home Depot Pro; Lowe's Pro; Menards"
concrete,Concrete,"High early strength mix, 80 lb",bag,7.5,13,"White Cap; Home Depot Pro; Lowe's Pro; Menards"
concrete,Concrete,"Mortar mix type S, 80 lb",bag,7,12,"White Cap; Home Depot Pro; Lowe's Pro; Menards"
concrete,Concrete,"Non-shrink grout, 50 lb",bag,22,40,"White Cap; Home Depot Pro; Lowe's Pro; Menards"
concrete,Steel,"Rebar #4, 20 ft",ea,11,20,"White Cap; Home Depot Pro; Lowe's Pro; Menards"
concrete,Steel,"Rebar #5, 20 ft",ea,17,30,"White Cap; Home Depot Pro; Lowe's Pro; Menards"
concrete,Steel,"Rebar #3, 20 ft",ea,7,13,"White Cap; Home Depot Pro; Lowe's Pro; Menards"
concrete,Steel,"Wire mesh 6x6 W1.4, 5x10 sheet",ea,9,17,"White Cap; Home Depot Pro; Lowe's Pro; Menards"
concrete,Steel,"Rebar tie wire, 3.5 lb roll",ea,9,18,"White Cap; Home Depot Pro; Lowe's Pro; Menards"
concrete,Steel,"Rebar chairs, 100 ct",box,26,48,"White Cap"
concrete,Steel,"Dowel bar 3/4 x 18, 25 pk",box,58,105,"White Cap"
concrete,Forms,"Form lumber 2x4x8",ea,3.8,7,"White Cap; Builders FirstSource; 84 Lumber; Carter Lumber; Home Depot Pro; Lowe's Pro; Menards"
concrete,Forms,"Form lumber 2x8x10",ea,11,20,"White Cap; Builders FirstSource; 84 Lumber; Carter Lumber; Home Depot Pro; Lowe's Pro; Menards"
concrete,Forms,"Form stakes 24 in, 25 pk",bundle,34,62,"White Cap; Home Depot Pro; Lowe's Pro; Menards"
concrete,Forms,"Form stakes 36 in, 10 pk",bundle,28,52,"White Cap"
concrete,Forms,"Snap ties, 100 ct",box,78,145,"White Cap"
concrete,Forms,"Form release agent, 5 gal",ea,42,78,"White Cap"
concrete,Joints,"Expansion joint 1/2 x 4 in x 50 ft",roll,15,28,"White Cap; Home Depot Pro; Lowe's Pro; Menards"
concrete,Joints,"Control joint strip, 10 ft",ea,6,12,"White Cap"
concrete,Joints,"Backer rod 1/2 in, 100 ft",roll,9,18,"White Cap; Home Depot Pro; Lowe's Pro; Menards"
concrete,Joints,"Self leveling joint sealant, 10 oz",ea,9,17,"White Cap; Home Depot Pro; Lowe's Pro; Menards"
concrete,Finish,"Curing compound, 5 gal",ea,68,125,"White Cap"
concrete,Finish,"Concrete sealer, 5 gal",ea,95,175,"White Cap; Home Depot Pro; Lowe's Pro; Menards"
concrete,Finish,"Densifier, 5 gal",ea,110,195,"White Cap"
concrete,Finish,"Color hardener, 60 lb",bag,48,88,"White Cap"
concrete,Finish,"Release powder, 30 lb",bag,52,95,"White Cap"
concrete,Prep,"Vapor barrier 10 mil, 20x100",roll,85,155,"White Cap; Home Depot Pro; Lowe's Pro; Menards"
concrete,Prep,"Vapor barrier 15 mil, 20x100",roll,135,240,"White Cap"
concrete,Hardware,"Anchor bolt 1/2 x 10, 50 pk",box,34,62,"White Cap; Home Depot Pro; Lowe's Pro; Menards"
concrete,Hardware,"Wedge anchor 1/2 x 4-3/4, 50 pk",box,58,105,"White Cap; Home Depot Pro; Lowe's Pro; Menards; Fastenal; Grainger; Zoro"
concrete,Hardware,"Epoxy anchoring adhesive, tube",ea,24,46,"White Cap; Home Depot Pro; Lowe's Pro; Menards"
concrete,Hardware,"Post base, adjustable",ea,14,28,"White Cap; Home Depot Pro; Lowe's Pro; Menards; Builders FirstSource; 84 Lumber; Carter Lumber"
concrete,Tools,"Bull float 48 in",ea,130,240,"White Cap; Fastenal; Grainger; Zoro"
concrete,Tools,"Magnesium hand float",ea,28,55,"White Cap; Home Depot Pro; Lowe's Pro; Menards"
concrete,Tools,"Steel finishing trowel 16 in",ea,34,68,"White Cap; Home Depot Pro; Lowe's Pro; Menards"
concrete,Tools,"Edger and groover set",ea,28,55,"White Cap; Home Depot Pro; Lowe's Pro; Menards"
concrete,Tools,"Concrete rake, come-along",ea,58,110,"White Cap; Fastenal; Grainger; Zoro"
drywall,Panels,"Drywall 1/2 in, 4x8",ea,12,20,"L&W Supply; Foundation Building Materials; Home Depot Pro; Lowe's Pro; Menards"
drywall,Panels,"Drywall 1/2 in, 4x12",ea,18,30,"L&W Supply; Foundation Building Materials; Home Depot Pro; Lowe's Pro; Menards"
drywall,Panels,"Drywall 5/8 in type X, 4x8",ea,15,25,"L&W Supply; Foundation Building Materials; Home Depot Pro; Lowe's Pro; Menards"
drywall,Panels,"Moisture resistant board, 4x8",ea,18,30,"L&W Supply; Foundation Building Materials; Home Depot Pro; Lowe's Pro; Menards"
drywall,Panels,"Cement board 1/2 in, 3x5",ea,14,24,"L&W Supply; Foundation Building Materials; Home Depot Pro; Lowe's Pro; Menards"
drywall,Panels,"Steel stud 3-5/8 in, 10 ft",ea,6,11,"L&W Supply; Foundation Building Materials"
drywall,Panels,"Steel track 3-5/8 in, 10 ft",ea,6,11,"L&W Supply; Foundation Building Materials"
drywall,Prep,"Joint compound all purpose, 4.5 gal",ea,16,28,"L&W Supply; Foundation Building Materials; Home Depot Pro; Lowe's Pro; Menards"
drywall,Prep,"Joint compound lightweight, 4.5 gal",ea,17,30,"L&W Supply; Foundation Building Materials; Home Depot Pro; Lowe's Pro; Menards"
drywall,Prep,"Setting compound 90 min, 18 lb",bag,14,26,"L&W Supply; Foundation Building Materials; Home Depot Pro; Lowe's Pro; Menards"
drywall,Prep,"Paper joint tape, 500 ft",roll,6,12,"L&W Supply; Foundation Building Materials; Home Depot Pro; Lowe's Pro; Menards"
drywall,Prep,"Mesh joint tape, 300 ft",roll,8,15,"L&W Supply; Foundation Building Materials; Home Depot Pro; Lowe's Pro; Menards"
drywall,Prep,"Corner bead 8 ft",ea,3.5,7,"L&W Supply; Foundation Building Materials; Home Depot Pro; Lowe's Pro; Menards"
drywall,Fasteners,"Drywall screws 1-1/4 in, 5 lb",box,18,32,"L&W Supply; Foundation Building Materials; Home Depot Pro; Lowe's Pro; Menards"
drywall,Fasteners,"Drywall screws 1-5/8 in, 5 lb",box,20,35,"L&W Supply; Foundation Building Materials; Home Depot Pro; Lowe's Pro; Menards"
drywall,Panels,"Batt insulation R13, 3.5 in, bag",bag,48,85,"L&W Supply; Foundation Building Materials; Home Depot Pro; Lowe's Pro; Menards"
drywall,Panels,"Batt insulation R19, 6.25 in, bag",bag,58,105,"L&W Supply; Foundation Building Materials; Home Depot Pro; Lowe's Pro; Menards"
drywall,Panels,"Batt insulation R30, bag",bag,62,115,"L&W Supply; Foundation Building Materials; Home Depot Pro; Lowe's Pro; Menards"
drywall,Panels,"Rigid foam 1 in, 4x8",ea,18,32,"L&W Supply; Foundation Building Materials; Home Depot Pro; Lowe's Pro; Menards"
drywall,Sealants,"Spray foam, 12 oz can",ea,7,14,"L&W Supply; Foundation Building Materials; Home Depot Pro; Lowe's Pro; Menards"
drywall,Finish,"Texture spray, 20 oz",ea,11,22,"L&W Supply; Foundation Building Materials; Home Depot Pro; Lowe's Pro; Menards"
framing,Panels,"2x4x8 stud, SPF",ea,3.2,6,"Builders FirstSource; 84 Lumber; Carter Lumber; Home Depot Pro; Lowe's Pro; Menards"
framing,Panels,"2x4x92-5/8 precut stud",ea,3.4,6.5,"Builders FirstSource; 84 Lumber; Carter Lumber; Home Depot Pro; Lowe's Pro; Menards"
framing,Panels,"2x6x10, SPF",ea,8,15,"Builders FirstSource; 84 Lumber; Carter Lumber; Home Depot Pro; Lowe's Pro; Menards"
framing,Panels,"2x8x12, SYP",ea,16,28,"Builders FirstSource; 84 Lumber; Carter Lumber; Home Depot Pro; Lowe's Pro; Menards"
framing,Panels,"2x10x16, SYP",ea,28,50,"Builders FirstSource; 84 Lumber; Carter Lumber; Home Depot Pro; Lowe's Pro; Menards"
framing,Panels,"4x4x8 treated post",ea,9,17,"Builders FirstSource; 84 Lumber; Carter Lumber; Home Depot Pro; Lowe's Pro; Menards"
framing,Panels,"6x6x8 treated post",ea,24,44,"Builders FirstSource; 84 Lumber; Carter Lumber; Home Depot Pro; Lowe's Pro; Menards"
framing,Panels,"LVL 1-3/4 x 11-7/8, per ft",lf,7,13,"Builders FirstSource; 84 Lumber; Carter Lumber"
framing,Panels,"OSB sheathing 7/16 in, 4x8",ea,14,26,"Builders FirstSource; 84 Lumber; Carter Lumber; Home Depot Pro; Lowe's Pro; Menards"
framing,Panels,"Plywood CDX 1/2 in, 4x8",ea,24,44,"Builders FirstSource; 84 Lumber; Carter Lumber; Home Depot Pro; Lowe's Pro; Menards"
framing,Panels,"Plywood 3/4 in tongue and groove, 4x8",ea,38,68,"Builders FirstSource; 84 Lumber; Carter Lumber; Home Depot Pro; Lowe's Pro; Menards"
framing,Prep,"House wrap 9x100 ft",roll,145,250,"Builders FirstSource; 84 Lumber; Carter Lumber; Home Depot Pro; Lowe's Pro; Menards; ABC Supply; SRS Distribution; Beacon Building Products"
framing,Prep,"Flashing tape 4 in x 75 ft",roll,22,42,"Builders FirstSource; 84 Lumber; Carter Lumber; Home Depot Pro; Lowe's Pro; Menards; ABC Supply; SRS Distribution; Beacon Building Products"
framing,Hardware,"Joist hanger 2x8, 25 pk",box,32,58,"Builders FirstSource; 84 Lumber; Carter Lumber; Home Depot Pro; Lowe's Pro; Menards"
framing,Hardware,"Hurricane tie, 25 pk",box,26,48,"Builders FirstSource; 84 Lumber; Carter Lumber; Home Depot Pro; Lowe's Pro; Menards"
framing,Fasteners,"Framing nails 3-1/4 in, 2000 ct",box,48,85,"Builders FirstSource; 84 Lumber; Carter Lumber; Home Depot Pro; Lowe's Pro; Menards"
framing,Fasteners,"Structural screws 4 in, 50 ct",box,34,62,"Builders FirstSource; 84 Lumber; Carter Lumber; Home Depot Pro; Lowe's Pro; Menards"
framing,Panels,"Deck boards composite, per lf",lf,3.2,7,"Builders FirstSource; 84 Lumber; Carter Lumber; Home Depot Pro; Lowe's Pro; Menards"
framing,Fasteners,"Deck screws 2-1/2 in, 5 lb",box,26,48,"Builders FirstSource; 84 Lumber; Carter Lumber; Home Depot Pro; Lowe's Pro; Menards"
tools,Tools,"Utility knife blades, 100 ct",box,14,28,"Fastenal; Grainger; Zoro; Home Depot Pro; Lowe's Pro; Menards"
tools,Tools,"Chalk line and chalk",ea,14,28,"Fastenal; Grainger; Zoro; Home Depot Pro; Lowe's Pro; Menards"
tools,Tools,"Tape measure 25 ft",ea,16,34,"Fastenal; Grainger; Zoro; Home Depot Pro; Lowe's Pro; Menards"
tools,Tools,"Speed square",ea,9,20,"Fastenal; Grainger; Zoro; Home Depot Pro; Lowe's Pro; Menards"
tools,Tools,"Cordless drill and driver kit",ea,165,350,"Fastenal; Grainger; Zoro; Home Depot Pro; Lowe's Pro; Menards"
tools,Tools,"Circular saw blade 7-1/4 in, 3 pk",pk,24,48,"Fastenal; Grainger; Zoro; Home Depot Pro; Lowe's Pro; Menards"
tools,Tools,"Reciprocating blades, 10 pk",pk,18,38,"Fastenal; Grainger; Zoro; Home Depot Pro; Lowe's Pro; Menards"
tools,Tools,"Diamond blade 7 in",ea,28,62,"Fastenal; Grainger; Zoro; Home Depot Pro; Lowe's Pro; Menards; White Cap"
tools,Tools,"Extension cord 12/3, 100 ft",ea,68,125,"Fastenal; Grainger; Zoro; Home Depot Pro; Lowe's Pro; Menards; CED (Consolidated Electrical); Graybar; Winsupply"
tools,Tools,"Work light, LED 10000 lumen",ea,58,120,"Fastenal; Grainger; Zoro; Home Depot Pro; Lowe's Pro; Menards"
tools,Tools,"Ladder, 24 ft extension",ea,210,420,"Fastenal; Grainger; Zoro; Home Depot Pro; Lowe's Pro; Menards"
tools,Tools,"Ladder, 6 ft step fiberglass",ea,95,185,"Fastenal; Grainger; Zoro; Home Depot Pro; Lowe's Pro; Menards"
tools,Tools,"Safety glasses, 12 pk",box,18,34,"Fastenal; Grainger; Zoro; Home Depot Pro; Lowe's Pro; Menards"
tools,Tools,"Work gloves, 12 pk",box,26,52,"Fastenal; Grainger; Zoro; Home Depot Pro; Lowe's Pro; Menards"
tools,Tools,"N95 respirators, 20 ct",box,22,42,"Fastenal; Grainger; Zoro; Home Depot Pro; Lowe's Pro; Menards"
tools,Tools,"Contractor bags, 50 ct",box,24,45,"Fastenal; Grainger; Zoro; Home Depot Pro; Lowe's Pro; Menards"
tools,Tools,"Shop vac, 12 gal",ea,95,185,"Fastenal; Grainger; Zoro; Home Depot Pro; Lowe's Pro; Menards"
tools,Tools,"Generator, 5000W",ea,480,900,"Fastenal; Grainger; Zoro; Home Depot Pro; Lowe's Pro; Menards; Northern Tool"
tools,Sealants,"Construction adhesive, 12 pk",case,38,70,"Fastenal; Grainger; Zoro; Home Depot Pro; Lowe's Pro; Menards"
tools,Fasteners,"Screws assorted bulk pack",box,28,55,"Fastenal; Grainger; Zoro; Home Depot Pro; Lowe's Pro; Menards"
pools,Pumps,"Pool pump, variable speed 1.65 HP",ea,720,1250,"POOLCORP / SCP Distributors; Heritage Pool Supply; Leslie's Pool Supplies"
pools,Pumps,"Pool pump, single speed 1 HP",ea,280,520,"POOLCORP / SCP Distributors; Heritage Pool Supply; Leslie's Pool Supplies; Home Depot Pro; Lowe's Pro; Menards"
pools,Pumps,"Booster pump for cleaner, 3/4 HP",ea,320,560,"POOLCORP / SCP Distributors; Heritage Pool Supply; Leslie's Pool Supplies"
pools,Pumps,"Pump motor, 1.5 HP replacement",ea,240,430,"POOLCORP / SCP Distributors; Heritage Pool Supply; Leslie's Pool Supplies"
pools,Pumps,"Pump basket and lid",ea,28,58,"POOLCORP / SCP Distributors; Heritage Pool Supply; Leslie's Pool Supplies"
pools,Pumps,"Pump seal and gasket kit",ea,18,38,"POOLCORP / SCP Distributors; Heritage Pool Supply; Leslie's Pool Supplies"
pools,Filters,"Cartridge filter, 150 sq ft",ea,340,620,"POOLCORP / SCP Distributors; Heritage Pool Supply; Leslie's Pool Supplies"
pools,Filters,"Cartridge filter element, 100 sq ft",ea,78,145,"POOLCORP / SCP Distributors; Heritage Pool Supply; Leslie's Pool Supplies; Home Depot Pro; Lowe's Pro; Menards"
pools,Filters,"DE filter, 48 sq ft",ea,520,900,"POOLCORP / SCP Distributors; Heritage Pool Supply; Leslie's Pool Supplies"
pools,Filters,"Sand filter, 24 in with valve",ea,420,720,"POOLCORP / SCP Distributors; Heritage Pool Supply; Leslie's Pool Supplies; Home Depot Pro; Lowe's Pro; Menards"
pools,Filters,"Filter sand, 50 lb",bag,14,28,"POOLCORP / SCP Distributors; Heritage Pool Supply; Leslie's Pool Supplies; Home Depot Pro; Lowe's Pro; Menards"
pools,Filters,"DE powder, 25 lb",bag,26,48,"POOLCORP / SCP Distributors; Heritage Pool Supply; Leslie's Pool Supplies"
pools,Valves,"Multiport valve, 6 position",ea,130,240,"POOLCORP / SCP Distributors; Heritage Pool Supply; Leslie's Pool Supplies"
pools,Equipment,"Pool heater, gas 400k BTU",ea,2200,3600,"POOLCORP / SCP Distributors; Heritage Pool Supply; Leslie's Pool Supplies"
pools,Equipment,"Heat pump, pool 110k BTU",ea,2600,4400,"POOLCORP / SCP Distributors; Heritage Pool Supply; Leslie's Pool Supplies"
pools,Equipment,"Salt chlorine generator",ea,850,1550,"POOLCORP / SCP Distributors; Heritage Pool Supply; Leslie's Pool Supplies"
pools,Equipment,"Salt cell, replacement",ea,420,780,"POOLCORP / SCP Distributors; Heritage Pool Supply; Leslie's Pool Supplies"
pools,Controls,"Automation control panel",ea,950,1700,"POOLCORP / SCP Distributors; Heritage Pool Supply; Leslie's Pool Supplies"
pools,Chemicals,"Chlorine tabs 3 in, 50 lb",bucket,130,230,"POOLCORP / SCP Distributors; Heritage Pool Supply; Leslie's Pool Supplies; Home Depot Pro; Lowe's Pro; Menards"
pools,Chemicals,"Liquid chlorine, 2x2.5 gal case",case,16,32,"POOLCORP / SCP Distributors; Heritage Pool Supply; Leslie's Pool Supplies; Home Depot Pro; Lowe's Pro; Menards"
pools,Chemicals,"Muriatic acid, 2x1 gal case",case,18,34,"POOLCORP / SCP Distributors; Heritage Pool Supply; Leslie's Pool Supplies; Home Depot Pro; Lowe's Pro; Menards"
pools,Chemicals,"Soda ash, 25 lb",bag,32,58,"POOLCORP / SCP Distributors; Heritage Pool Supply; Leslie's Pool Supplies"
pools,Chemicals,"Calcium hardness increaser, 50 lb",bag,48,88,"POOLCORP / SCP Distributors; Heritage Pool Supply; Leslie's Pool Supplies"
pools,Chemicals,"Cyanuric acid stabilizer, 25 lb",bag,62,115,"POOLCORP / SCP Distributors; Heritage Pool Supply; Leslie's Pool Supplies"
pools,Chemicals,"Algaecide, 1 gal",ea,34,68,"POOLCORP / SCP Distributors; Heritage Pool Supply; Leslie's Pool Supplies; Home Depot Pro; Lowe's Pro; Menards"
pools,Chemicals,"Pool shock, 1 lb bags, 24 ct",case,48,92,"POOLCORP / SCP Distributors; Heritage Pool Supply; Leslie's Pool Supplies; Home Depot Pro; Lowe's Pro; Menards"
pools,Chemicals,"Diatomaceous earth alternative, 25 lb",bag,38,72,"POOLCORP / SCP Distributors; Heritage Pool Supply; Leslie's Pool Supplies"
pools,Liner,"Vinyl liner, 20x40 overlap",ea,850,1600,"POOLCORP / SCP Distributors; Heritage Pool Supply; Leslie's Pool Supplies"
pools,Liner,"Liner patch kit, underwater",ea,18,38,"POOLCORP / SCP Distributors; Heritage Pool Supply; Leslie's Pool Supplies; Home Depot Pro; Lowe's Pro; Menards"
pools,Liner,"Pool plaster mix, 100 lb",bag,32,58,"POOLCORP / SCP Distributors; Heritage Pool Supply; Leslie's Pool Supplies"
pools,Liner,"Pebble finish aggregate, 50 lb",bag,48,88,"POOLCORP / SCP Distributors; Heritage Pool Supply; Leslie's Pool Supplies"
pools,Tile,"Waterline tile, 6x6 pack",pk,26,52,"POOLCORP / SCP Distributors; Heritage Pool Supply; Leslie's Pool Supplies; Floor & Decor; The Tile Shop; MSI Surfaces"
pools,Hardscape,"Pool coping, precast per lf",lf,11,24,"POOLCORP / SCP Distributors; Heritage Pool Supply; Leslie's Pool Supplies; SiteOne Landscape Supply; SRS Distribution"
pools,Drainage,"Skimmer, complete",ea,78,150,"POOLCORP / SCP Distributors; Heritage Pool Supply; Leslie's Pool Supplies"
pools,Drainage,"Main drain, dual VGB",ea,68,130,"POOLCORP / SCP Distributors; Heritage Pool Supply; Leslie's Pool Supplies"
pools,Fittings,"Return fitting and eyeball",ea,8,18,"POOLCORP / SCP Distributors; Heritage Pool Supply; Leslie's Pool Supplies; Home Depot Pro; Lowe's Pro; Menards"
pools,Pipe,"PVC flex hose 2 in, 25 ft",roll,42,78,"POOLCORP / SCP Distributors; Heritage Pool Supply; Leslie's Pool Supplies"
pools,Lighting,"Pool LED light, color 12V",ea,280,520,"POOLCORP / SCP Distributors; Heritage Pool Supply; Leslie's Pool Supplies"
pools,Lighting,"Niche and conduit kit",ea,95,180,"POOLCORP / SCP Distributors; Heritage Pool Supply; Leslie's Pool Supplies"
pools,Tools,"Robotic pool cleaner",ea,650,1400,"POOLCORP / SCP Distributors; Heritage Pool Supply; Leslie's Pool Supplies; Home Depot Pro; Lowe's Pro; Menards"
pools,Tools,"Leaf rake and pole set",ea,42,85,"POOLCORP / SCP Distributors; Heritage Pool Supply; Leslie's Pool Supplies; Home Depot Pro; Lowe's Pro; Menards"
pools,Tools,"Test kit, drop reagent",ea,28,58,"POOLCORP / SCP Distributors; Heritage Pool Supply; Leslie's Pool Supplies; Home Depot Pro; Lowe's Pro; Menards"
pools,Tools,"Winter cover, 20x40",ea,180,340,"POOLCORP / SCP Distributors; Heritage Pool Supply; Leslie's Pool Supplies; Home Depot Pro; Lowe's Pro; Menards"
pools,Tools,"Safety cover, mesh custom",ea,1800,3200,"POOLCORP / SCP Distributors; Heritage Pool Supply; Leslie's Pool Supplies"
trim,Trim,"Base moulding, MDF 5-1/4 in, per lf",lf,1.3,2.8,"Metrie; Builders FirstSource; Carter Lumber; 84 Lumber; Home Depot Pro; Lowe's Pro; Menards"
trim,Trim,"Base moulding, primed pine 5-1/4 in, per lf",lf,1.9,3.8,"Metrie; Builders FirstSource; Carter Lumber; 84 Lumber; Home Depot Pro; Lowe's Pro; Menards"
trim,Trim,"Casing, MDF 3-1/2 in, per lf",lf,1.1,2.4,"Metrie; Builders FirstSource; Carter Lumber; 84 Lumber; Home Depot Pro; Lowe's Pro; Menards"
trim,Trim,"Casing, colonial pine 2-1/4 in, per lf",lf,1.2,2.6,"Metrie; Builders FirstSource; Carter Lumber; 84 Lumber; Home Depot Pro; Lowe's Pro; Menards"
trim,Trim,"Crown moulding, MDF 5 in, per lf",lf,1.8,3.6,"Metrie; Builders FirstSource; Carter Lumber; 84 Lumber; Home Depot Pro; Lowe's Pro; Menards"
trim,Trim,"Crown moulding, poplar 5-1/4 in, per lf",lf,3.2,6.5,"Metrie; Builders FirstSource; Carter Lumber; 84 Lumber"
trim,Trim,"Shoe moulding, per lf",lf,0.7,1.6,"Metrie; Builders FirstSource; Carter Lumber; 84 Lumber; Home Depot Pro; Lowe's Pro; Menards"
trim,Trim,"Quarter round, per lf",lf,0.7,1.6,"Metrie; Builders FirstSource; Carter Lumber; 84 Lumber; Home Depot Pro; Lowe's Pro; Menards"
trim,Trim,"Chair rail, per lf",lf,1.6,3.4,"Metrie; Builders FirstSource; Carter Lumber; 84 Lumber; Home Depot Pro; Lowe's Pro; Menards"
trim,Trim,"Panel moulding, per lf",lf,1.4,3.2,"Metrie; Builders FirstSource; Carter Lumber; 84 Lumber"
trim,Trim,"Shiplap, primed 8 in, per lf",lf,2.2,4.5,"Metrie; Builders FirstSource; Carter Lumber; 84 Lumber; Home Depot Pro; Lowe's Pro; Menards"
trim,Panels,"Beadboard panel, 4x8",ea,28,55,"Metrie; Builders FirstSource; Carter Lumber; 84 Lumber; Home Depot Pro; Lowe's Pro; Menards"
trim,Trim,"Stair tread, red oak 48 in",ea,42,85,"Metrie; Builders FirstSource; Carter Lumber; 84 Lumber; Home Depot Pro; Lowe's Pro; Menards"
trim,Trim,"Stair riser, primed 48 in",ea,14,30,"Metrie; Builders FirstSource; Carter Lumber; 84 Lumber; Home Depot Pro; Lowe's Pro; Menards"
trim,Trim,"Newel post, 3-1/2 in",ea,95,200,"Metrie; Builders FirstSource; Carter Lumber; 84 Lumber"
trim,Trim,"Baluster, wood 36 in",ea,6,14,"Metrie; Builders FirstSource; Carter Lumber; 84 Lumber; Home Depot Pro; Lowe's Pro; Menards"
trim,Trim,"Handrail, oak per lf",lf,8,18,"Metrie; Builders FirstSource; Carter Lumber; 84 Lumber; Home Depot Pro; Lowe's Pro; Menards"
trim,Doors,"Interior door, hollow core prehung 30 in",ea,95,185,"Metrie; Builders FirstSource; Carter Lumber; 84 Lumber; Home Depot Pro; Lowe's Pro; Menards"
trim,Doors,"Interior door, solid core prehung 32 in",ea,210,420,"Metrie; Builders FirstSource; Carter Lumber; 84 Lumber; Home Depot Pro; Lowe's Pro; Menards"
trim,Doors,"Bifold door, 24 in",ea,68,140,"Metrie; Builders FirstSource; Carter Lumber; 84 Lumber; Home Depot Pro; Lowe's Pro; Menards"
trim,Doors,"Barn door kit with track",ea,240,480,"Metrie; Builders FirstSource; Carter Lumber; 84 Lumber; Home Depot Pro; Lowe's Pro; Menards"
trim,Doors,"Exterior door, fiberglass prehung 36 in",ea,420,900,"Metrie; Builders FirstSource; Carter Lumber; 84 Lumber; Home Depot Pro; Lowe's Pro; Menards"
trim,Trim,"Door casing kit, one side",ea,24,48,"Metrie; Builders FirstSource; Carter Lumber; 84 Lumber; Home Depot Pro; Lowe's Pro; Menards"
trim,Hardware,"Door hinges, 3-1/2 in, 3 pk",pk,9,20,"Richelieu Hardware; Home Depot Pro; Lowe's Pro; Menards"
trim,Hardware,"Passage lever set",ea,22,48,"Richelieu Hardware; Home Depot Pro; Lowe's Pro; Menards"
trim,Hardware,"Privacy lever set",ea,26,55,"Richelieu Hardware; Home Depot Pro; Lowe's Pro; Menards"
trim,Hardware,"Deadbolt, single cylinder",ea,32,72,"Richelieu Hardware; Home Depot Pro; Lowe's Pro; Menards"
trim,Hardware,"Door stop, 3 pk",pk,7,15,"Home Depot Pro; Lowe's Pro; Menards"
trim,Windows,"Window, vinyl double hung 36x48",ea,280,560,"Metrie; Builders FirstSource; Carter Lumber; 84 Lumber; Home Depot Pro; Lowe's Pro; Menards"
trim,Trim,"Window trim kit, exterior",ea,38,78,"Metrie; Builders FirstSource; Carter Lumber; 84 Lumber; Home Depot Pro; Lowe's Pro; Menards"
trim,Fasteners,"Finish nails 16 ga, 2-1/2 in, 2500 ct",box,24,48,"Home Depot Pro; Lowe's Pro; Menards; Fastenal; Grainger; Zoro"
trim,Fasteners,"Brad nails 18 ga, 2 in, 5000 ct",box,18,38,"Home Depot Pro; Lowe's Pro; Menards; Fastenal; Grainger; Zoro"
trim,Sealants,"Construction adhesive for trim, 12 pk",case,38,70,"Home Depot Pro; Lowe's Pro; Menards"
trim,Sealants,"Paintable caulk for trim, 12 pk",case,32,58,"Sherwin-Williams; Benjamin Moore; Home Depot Pro; Lowe's Pro; Menards"
trim,Prep,"Wood filler, stainable 1 qt",ea,12,26,"Home Depot Pro; Lowe's Pro; Menards; Sherwin-Williams; Benjamin Moore"
cabinets,Cabinets,"Base cabinet, shaker 24 in",ea,180,400,"Richelieu Hardware; Home Depot Pro; Lowe's Pro; Menards"
cabinets,Cabinets,"Base cabinet, shaker 36 in",ea,240,520,"Richelieu Hardware; Home Depot Pro; Lowe's Pro; Menards"
cabinets,Cabinets,"Wall cabinet, shaker 30x30",ea,165,360,"Richelieu Hardware; Home Depot Pro; Lowe's Pro; Menards"
cabinets,Cabinets,"Sink base cabinet, 36 in",ea,220,480,"Richelieu Hardware; Home Depot Pro; Lowe's Pro; Menards"
cabinets,Cabinets,"Pantry cabinet, 24x84",ea,420,880,"Richelieu Hardware; Home Depot Pro; Lowe's Pro; Menards"
cabinets,Cabinets,"Drawer base, 3 drawer 18 in",ea,230,500,"Richelieu Hardware; Home Depot Pro; Lowe's Pro; Menards"
cabinets,Cabinets,"Vanity cabinet, 36 in",ea,260,620,"Richelieu Hardware; Home Depot Pro; Lowe's Pro; Menards"
cabinets,Cabinets,"Cabinet door, shaker replacement",ea,28,75,"Richelieu Hardware; Home Depot Pro; Lowe's Pro"
cabinets,Cabinets,"Drawer box, dovetail",ea,34,78,"Richelieu Hardware; Home Depot Pro; Lowe's Pro"
cabinets,Cabinets,"Toe kick, matching 8 ft",ea,18,42,"Richelieu Hardware; Home Depot Pro; Lowe's Pro; Menards"
cabinets,Trim,"Crown for cabinets, per lf",lf,4,11,"Richelieu Hardware; Home Depot Pro; Lowe's Pro; Menards"
cabinets,Cabinets,"Filler strip, 3x96",ea,14,34,"Richelieu Hardware; Home Depot Pro; Lowe's Pro; Menards"
cabinets,Panels,"Finished end panel",ea,38,88,"Richelieu Hardware; Home Depot Pro; Lowe's Pro"
cabinets,Panels,"Plywood, birch 3/4 in 4x8",ea,62,120,"Richelieu Hardware; Home Depot Pro; Lowe's Pro; Builders FirstSource; 84 Lumber; Carter Lumber; Menards"
cabinets,Panels,"Melamine panel, 3/4 in 4x8",ea,42,85,"Richelieu Hardware; Home Depot Pro; Lowe's Pro"
cabinets,Panels,"Edge banding, 250 ft roll",roll,28,62,"Richelieu Hardware; Home Depot Pro; Lowe's Pro"
cabinets,Hardware,"Soft-close hinge, 100 pk",box,78,165,"Richelieu Hardware; Home Depot Pro; Lowe's Pro"
cabinets,Hardware,"Soft-close hinge, 10 pk",pk,14,32,"Richelieu Hardware; Home Depot Pro; Lowe's Pro; Menards"
cabinets,Hardware,"Undermount drawer slides 18 in, 10 pr",box,130,280,"Richelieu Hardware; Home Depot Pro; Lowe's Pro"
cabinets,Hardware,"Side-mount drawer slides 20 in, 10 pr",box,58,125,"Richelieu Hardware; Home Depot Pro; Lowe's Pro; Menards"
cabinets,Hardware,"Cabinet pulls, 4 in, 25 pk",box,48,120,"Richelieu Hardware; Home Depot Pro; Lowe's Pro; Menards"
cabinets,Hardware,"Cabinet knobs, 25 pk",box,38,95,"Richelieu Hardware; Home Depot Pro; Lowe's Pro; Menards"
cabinets,Hardware,"Lazy susan, 28 in",ea,78,170,"Richelieu Hardware; Home Depot Pro; Lowe's Pro; Menards"
cabinets,Hardware,"Pull-out trash, double bin",ea,95,210,"Richelieu Hardware; Home Depot Pro; Lowe's Pro; Menards"
cabinets,Hardware,"Drawer organiser insert",ea,34,78,"Richelieu Hardware; Home Depot Pro; Lowe's Pro; Menards"
cabinets,Hardware,"Shelf pins, 100 ct",box,8,18,"Richelieu Hardware; Home Depot Pro; Lowe's Pro; Menards"
cabinets,Fasteners,"Cabinet screws 2-1/2 in, 100 ct",box,14,30,"Richelieu Hardware; Home Depot Pro; Lowe's Pro; Menards"
cabinets,Fasteners,"Pocket screws, 500 ct",box,22,45,"Home Depot Pro; Lowe's Pro; Menards; Fastenal; Grainger; Zoro"
cabinets,Lighting,"Under cabinet lighting, 4 pk",case,68,145,"Richelieu Hardware; Home Depot Pro; Lowe's Pro; Menards; CED (Consolidated Electrical); Graybar; Winsupply"
cabinets,Finish,"Cabinet touch-up kit",ea,18,42,"Richelieu Hardware; Home Depot Pro; Lowe's Pro"
countertops,Stone,"Quartz slab, level 1 per sq ft",sqft,32,55,"MSI Surfaces; Cosentino; Floor & Decor"
countertops,Stone,"Quartz slab, level 3 per sq ft",sqft,55,95,"MSI Surfaces; Cosentino; Floor & Decor"
countertops,Stone,"Granite slab, level 1 per sq ft",sqft,28,50,"MSI Surfaces; Cosentino; Floor & Decor"
countertops,Stone,"Granite slab, exotic per sq ft",sqft,60,120,"MSI Surfaces; Cosentino; Floor & Decor"
countertops,Stone,"Marble slab, per sq ft",sqft,55,130,"MSI Surfaces; Cosentino; Floor & Decor"
countertops,Stone,"Porcelain slab, per sq ft",sqft,45,85,"MSI Surfaces; Cosentino; Floor & Decor"
countertops,Panels,"Butcher block, 8 ft",ea,180,420,"Home Depot Pro; Lowe's Pro; Menards"
countertops,Panels,"Laminate countertop, post-form per lf",lf,18,42,"Home Depot Pro; Lowe's Pro; Menards"
countertops,Stone,"Solid surface sheet, per sq ft",sqft,26,52,"MSI Surfaces; Cosentino; Floor & Decor"
countertops,Hardware,"Undermount sink clips, 10 pk",pk,12,28,"MSI Surfaces; Cosentino; Floor & Decor"
countertops,Hardware,"Countertop support bracket, hidden",ea,22,55,"Home Depot Pro; Lowe's Pro; Menards; Richelieu Hardware"
countertops,Sealants,"Stone adhesive, color matched tube",ea,14,32,"MSI Surfaces; Cosentino; Floor & Decor"
countertops,Sealants,"Silicone, clear kitchen and bath, 12 pk",case,38,72,"Home Depot Pro; Lowe's Pro; Menards; Sherwin-Williams; Benjamin Moore"
countertops,Finish,"Stone sealer, 1 qt",ea,24,55,"MSI Surfaces; Cosentino; Floor & Decor; Home Depot Pro; Lowe's Pro; Menards"
countertops,Tools,"Seam setter, suction",ea,180,380,"MSI Surfaces; Cosentino; Floor & Decor"
countertops,Tools,"Diamond polishing pads, 7 pc set",pk,48,110,"MSI Surfaces; Cosentino; Floor & Decor; Fastenal; Grainger; Zoro"
countertops,Tools,"Diamond blade for stone, 10 in",ea,95,220,"MSI Surfaces; Cosentino; Floor & Decor; Fastenal; Grainger; Zoro"
countertops,Tools,"Core bit, 1-3/8 in diamond",ea,42,95,"MSI Surfaces; Cosentino; Floor & Decor; Fastenal; Grainger; Zoro"
countertops,Tools,"Slab transport A-frame rack",ea,420,900,"MSI Surfaces; Cosentino; Floor & Decor"
countertops,Tools,"Suction cup lifters, pair",pr,68,150,"MSI Surfaces; Cosentino; Floor & Decor; Fastenal; Grainger; Zoro"
countertops,Tile,"Backsplash tile, subway per sq ft",sqft,2.2,6.5,"Floor & Decor; The Tile Shop; MSI Surfaces; Home Depot Pro; Lowe's Pro; Menards"
countertops,Tile,"Backsplash mosaic sheet, 12x12",ea,8,22,"Floor & Decor; The Tile Shop; MSI Surfaces; Home Depot Pro; Lowe's Pro; Menards"
countertops,Sealants,"Thinset for stone, 50 lb",bag,18,38,"Floor & Decor; The Tile Shop; MSI Surfaces; Home Depot Pro; Lowe's Pro; Menards"
countertops,Sealants,"Grout, unsanded 25 lb",bag,22,45,"Floor & Decor; The Tile Shop; MSI Surfaces; Home Depot Pro; Lowe's Pro; Menards"
countertops,Stone,"Edge profile, bullnose per lf",lf,12,28,"MSI Surfaces; Cosentino; Floor & Decor"
countertops,Stone,"Sink cutout and polish, per opening",ea,95,220,"MSI Surfaces; Cosentino; Floor & Decor"
countertops,Stone,"Cooktop cutout, per opening",ea,85,190,"MSI Surfaces; Cosentino; Floor & Decor"
flooring,Flooring,"Luxury vinyl plank, per sq ft",sqft,1.8,4.5,"Floor & Decor; The Tile Shop; MSI Surfaces; Home Depot Pro; Lowe's Pro; Menards"
flooring,Flooring,"Engineered hardwood, per sq ft",sqft,3.4,8.5,"Floor & Decor; The Tile Shop; MSI Surfaces; Home Depot Pro; Lowe's Pro; Menards"
flooring,Flooring,"Solid oak flooring, per sq ft",sqft,4.2,9.5,"Floor & Decor; The Tile Shop; MSI Surfaces; Home Depot Pro; Lowe's Pro; Menards; Metrie; Builders FirstSource; Carter Lumber; 84 Lumber"
flooring,Flooring,"Laminate flooring, per sq ft",sqft,1.3,3.4,"Floor & Decor; The Tile Shop; MSI Surfaces; Home Depot Pro; Lowe's Pro; Menards"
flooring,Flooring,"Carpet, per sq yd",sqyd,12,34,"Home Depot Pro; Lowe's Pro; Menards"
flooring,Flooring,"Carpet pad, per sq yd",sqyd,4,9,"Home Depot Pro; Lowe's Pro; Menards"
flooring,Tile,"Porcelain tile 12x24, per sq ft",sqft,1.8,5.5,"Floor & Decor; The Tile Shop; MSI Surfaces; Home Depot Pro; Lowe's Pro; Menards"
flooring,Tile,"Ceramic tile 12x12, per sq ft",sqft,1.1,3.2,"Floor & Decor; The Tile Shop; MSI Surfaces; Home Depot Pro; Lowe's Pro; Menards"
flooring,Tile,"Wood-look plank tile, per sq ft",sqft,2.4,6,"Floor & Decor; The Tile Shop; MSI Surfaces; Home Depot Pro; Lowe's Pro; Menards"
flooring,Tile,"Mosaic tile sheet, 12x12",ea,7,24,"Floor & Decor; The Tile Shop; MSI Surfaces; Home Depot Pro; Lowe's Pro; Menards"
flooring,Tile,"Large format tile 24x48, per sq ft",sqft,4,11,"Floor & Decor; The Tile Shop; MSI Surfaces"
flooring,Trim,"Tile trim, Schluter edge 8 ft",ea,18,42,"Floor & Decor; The Tile Shop; MSI Surfaces; Home Depot Pro; Lowe's Pro; Menards"
flooring,Trim,"Transition strip, 3 ft",ea,12,30,"Floor & Decor; The Tile Shop; MSI Surfaces; Home Depot Pro; Lowe's Pro; Menards"
flooring,Sealants,"Thinset, modified 50 lb",bag,16,34,"Floor & Decor; The Tile Shop; MSI Surfaces; Home Depot Pro; Lowe's Pro; Menards"
flooring,Sealants,"Large format thinset, 50 lb",bag,24,48,"Floor & Decor; The Tile Shop; MSI Surfaces; Home Depot Pro; Lowe's Pro; Menards"
flooring,Sealants,"Grout, sanded 25 lb",bag,20,42,"Floor & Decor; The Tile Shop; MSI Surfaces; Home Depot Pro; Lowe's Pro; Menards"
flooring,Sealants,"Epoxy grout, 1 gal kit",ea,62,130,"Floor & Decor; The Tile Shop; MSI Surfaces"
flooring,Finish,"Grout sealer, 1 qt",ea,18,40,"Floor & Decor; The Tile Shop; MSI Surfaces; Home Depot Pro; Lowe's Pro; Menards"
flooring,Sealants,"Flooring adhesive, 4 gal",ea,68,140,"Floor & Decor; The Tile Shop; MSI Surfaces; Home Depot Pro; Lowe's Pro; Menards"
flooring,Prep,"Underlayment foam, 100 sq ft roll",roll,22,48,"Floor & Decor; The Tile Shop; MSI Surfaces; Home Depot Pro; Lowe's Pro; Menards"
flooring,Prep,"Cork underlayment, 100 sq ft",roll,55,110,"Floor & Decor; The Tile Shop; MSI Surfaces"
flooring,Prep,"Uncoupling membrane, 150 sq ft",roll,130,260,"Floor & Decor; The Tile Shop; MSI Surfaces; Home Depot Pro; Lowe's Pro; Menards"
flooring,Prep,"Waterproofing membrane, 1 gal",ea,48,98,"Floor & Decor; The Tile Shop; MSI Surfaces; Home Depot Pro; Lowe's Pro; Menards"
flooring,Prep,"Self-levelling compound, 50 lb",bag,32,62,"Floor & Decor; The Tile Shop; MSI Surfaces; Home Depot Pro; Lowe's Pro; Menards"
flooring,Panels,"Backer board 1/2 in, 3x5",ea,13,26,"Floor & Decor; The Tile Shop; MSI Surfaces; Home Depot Pro; Lowe's Pro; Menards; L&W Supply; Foundation Building Materials"
flooring,Fasteners,"Backer board screws, 200 ct",box,16,34,"Floor & Decor; The Tile Shop; MSI Surfaces; Home Depot Pro; Lowe's Pro; Menards"
flooring,Tools,"Tile spacers, 500 ct",bag,8,18,"Floor & Decor; The Tile Shop; MSI Surfaces; Home Depot Pro; Lowe's Pro; Menards"
flooring,Tools,"Levelling clips and wedges, 500 ct",box,42,88,"Floor & Decor; The Tile Shop; MSI Surfaces; Home Depot Pro; Lowe's Pro; Menards"
flooring,Tools,"Tile saw, 7 in wet",ea,180,420,"Floor & Decor; The Tile Shop; MSI Surfaces; Home Depot Pro; Lowe's Pro; Menards; Fastenal; Grainger; Zoro"
flooring,Tools,"Notched trowel set",ea,22,48,"Floor & Decor; The Tile Shop; MSI Surfaces; Home Depot Pro; Lowe's Pro; Menards"
flooring,Tools,"Grout float and sponges",ea,18,40,"Floor & Decor; The Tile Shop; MSI Surfaces; Home Depot Pro; Lowe's Pro; Menards"
flooring,Tools,"Knee pads, gel",pr,24,55,"Home Depot Pro; Lowe's Pro; Menards; Fastenal; Grainger; Zoro"
flooring,Trim,"Stair nose, per lf",lf,12,30,"Floor & Decor; The Tile Shop; MSI Surfaces; Home Depot Pro; Lowe's Pro; Menards"
flooring,Trim,"Baseboard for flooring, per lf",lf,1.3,3,"Metrie; Builders FirstSource; Carter Lumber; 84 Lumber; Home Depot Pro; Lowe's Pro; Menards"
general,Prep,"Dumpster, 20 yd haul",ea,420,780,"Home Depot Pro; Lowe's Pro; Menards"
general,Prep,"Portable toilet, monthly",ea,130,260,"Home Depot Pro; Lowe's Pro; Menards"
general,Prep,"Temporary fence panel, 6x12",ea,78,160,"Fastenal; Grainger; Zoro"
general,Tools,"Construction heater, propane",ea,130,290,"Home Depot Pro; Lowe's Pro; Menards; Fastenal; Grainger; Zoro"
general,Tools,"Dehumidifier, jobsite",ea,280,620,"Fastenal; Grainger; Zoro; Home Depot Pro; Lowe's Pro; Menards"
general,Tools,"Air scrubber with HEPA",ea,420,850,"Fastenal; Grainger; Zoro"
general,Prep,"Poly sheeting 6 mil, 20x100",roll,62,125,"Home Depot Pro; Lowe's Pro; Menards"
general,Prep,"Zip wall dust barrier kit",ea,48,110,"Home Depot Pro; Lowe's Pro; Menards; Fastenal; Grainger; Zoro"
general,Prep,"Floor protection board, 38 in x 100 ft",roll,55,120,"Home Depot Pro; Lowe's Pro; Menards"
general,Prep,"Ram board equivalent, per roll",roll,55,115,"Home Depot Pro; Lowe's Pro; Menards"
general,Tools,"Hard hats, 4 pk",pk,38,78,"Fastenal; Grainger; Zoro; Home Depot Pro; Lowe's Pro; Menards"
general,Tools,"Hi-vis vests, 5 pk",pk,26,55,"Fastenal; Grainger; Zoro; Home Depot Pro; Lowe's Pro; Menards"
general,Tools,"Fall protection harness kit",ea,130,290,"Fastenal; Grainger; Zoro; Home Depot Pro; Lowe's Pro; Menards"
general,Tools,"First aid kit, 50 person",ea,42,95,"Fastenal; Grainger; Zoro; Home Depot Pro; Lowe's Pro; Menards"
general,Tools,"Fire extinguisher, 10 lb ABC",ea,58,125,"Fastenal; Grainger; Zoro; Home Depot Pro; Lowe's Pro; Menards"
general,Prep,"Jobsite sign and permit box",ea,28,68,"Home Depot Pro; Lowe's Pro; Menards"
general,Tools,"Wheelbarrow, 6 cu ft",ea,95,190,"Home Depot Pro; Lowe's Pro; Menards; Fastenal; Grainger; Zoro"
general,Tools,"Mixing tub, 20 gal",ea,18,38,"Home Depot Pro; Lowe's Pro; Menards"
general,Tools,"Ladder jacks and plank",ea,180,390,"Fastenal; Grainger; Zoro; Home Depot Pro; Lowe's Pro; Menards"
general,Tools,"Scaffold frame set, 5x5",ea,130,290,"Fastenal; Grainger; Zoro; Home Depot Pro; Lowe's Pro; Menards"
general,Tools,"Job box, 48 in lockable",ea,280,620,"Fastenal; Grainger; Zoro; Home Depot Pro; Lowe's Pro; Menards"
general,Tools,"Broom and shovel set",ea,34,72,"Home Depot Pro; Lowe's Pro; Menards"
general,Tools,"Shop rags, 25 lb box",box,34,68,"Home Depot Pro; Lowe's Pro; Menards; Fastenal; Grainger; Zoro"
general,Tools,"Layout paint, 12 pk",case,42,85,"Home Depot Pro; Lowe's Pro; Menards; Fastenal; Grainger; Zoro"
general,Tools,"Chalk refill, 5 lb",ea,14,30,"Home Depot Pro; Lowe's Pro; Menards; Fastenal; Grainger; Zoro"
